surah_index,title,file_part,file_name,message_id,recipient_id,timestamp
1,سورة الفاتحة المنشاوي الاذاعة المصرية,1,1_سورة الفاتحة المنشاوي الاذاعة المصرية.mp3,m_IYQwk4Vv0hZvGfq5yD7pBblP24bdER2NQkLcGokgtWM13j3ilelnyHx-SUhFnZmIGmgTNRtrbaG5DxdnfJGgdg,7955478981207719,2026-01-16 08:28:59
2,سورة البقرة المنشاوي الاذاعة المصرية,1,2_سورة البقرة المنشاوي الاذاعة المصرية_part1.mp3,m_E1IJi8Z1UyjtCD56x8ZnprlP24bdER2NQkLcGokgtWMa7vVZrVPE2-8KFw_712n1QupNfhlpYKCVWYJ5crrXow,7955478981207719,2026-01-16 08:32:28
2,سورة البقرة المنشاوي الاذاعة المصرية,2,2_سورة البقرة المنشاوي الاذاعة المصرية_part2.mp3,m_cppO5TAZevgdU_2dPrTGT7lP24bdER2NQkLcGokgtWN2Udg23j1U2ApnrvAUeSD3QG-bIXtJw-sldqZYvo9htQ,7955478981207719,2026-01-16 08:32:36
2,سورة البقرة المنشاوي الاذاعة المصرية,3,2_سورة البقرة المنشاوي الاذاعة المصرية_part3.mp3,m_oA1uWLYhDfjbkKyLMvbMP7lP24bdER2NQkLcGokgtWN8yU-mLcztw51NmVxsfbskOkLJSB_6iYeqNYtrefaXow,7955478981207719,2026-01-16 08:32:43
3,سورة ال عمران المنشاوي الاذاعة المصرية,1,3_سورة ال عمران المنشاوي الاذاعة المصرية_part1.mp3,m_8XMvVbEQNi9TzGih6tcZTblP24bdER2NQkLcGokgtWOsLG5yqOmkoEm6TEoxY0nSErlJR7JaMNDqcafTArMukA,7955478981207719,2026-01-16 08:35:05
3,سورة ال عمران المنشاوي الاذاعة المصرية,2,3_سورة ال عمران المنشاوي الاذاعة المصرية_part2.mp3,m_qhxzoCKYFF4izc7kWlRVb7lP24bdER2NQkLcGokgtWMIL-qwWHIfWiYHvuT_foTwjte2LC_tl8Fp4uff6-YxCw,7955478981207719,2026-01-16 08:35:12
4,سورة النساء المنشاوي الاذاعة المصرية,1,4_سورة النساء المنشاوي الاذاعة المصرية_part1.mp3,m_BksNkrwFGfTRVcma7dbkDrlP24bdER2NQkLcGokgtWM7w4DBQLZCnJ4ra94GLFLEVbWYvm3-HmnKC0nbRnfKUQ,7955478981207719,2026-01-16 08:38:27
4,سورة النساء المنشاوي الاذاعة المصرية,2,4_سورة النساء المنشاوي الاذاعة المصرية_part2.mp3,m_-OI16Ge_JtGAryj3vfaDT7lP24bdER2NQkLcGokgtWOz7X4aSlEZq02Nhw37BH8HJ-3-v4dfWzOXXRt4lXlQcQ,7955478981207719,2026-01-16 08:38:36
5,سورة المائدة المنشاوي الاذاعة المصرية,1,5_سورة المائدة المنشاوي الاذاعة المصرية_part1.mp3,m_RjgvDk7pK3IHb3Xy_e3VgrlP24bdER2NQkLcGokgtWNzGfh7VnmQ3j1u4qjorSDFqQQKOcVYcFjctYMGY57NGA,7955478981207719,2026-01-16 08:41:15
5,سورة المائدة المنشاوي الاذاعة المصرية,2,5_سورة المائدة المنشاوي الاذاعة المصرية_part2.mp3,m_XHh3nkOj12NECvCz9Zu1s7lP24bdER2NQkLcGokgtWMWAEjAWGCOPEDiufCVdK_Ipp27XwV27XW6XxiDvhDuVQ,7955478981207719,2026-01-16 08:41:21
6,سورة الانعام المنشاوي الاذاعة المصرية,1,6_سورة الانعام المنشاوي الاذاعة المصرية_part1.mp3,m_Jwf-PE5huyN-MRE1KDM7B7lP24bdER2NQkLcGokgtWNA1y9oTUqWxvBD5Czi_2svqdCL9dLNbch7GUKS09Bsbg,7955478981207719,2026-01-16 08:43:59
6,سورة الانعام المنشاوي الاذاعة المصرية,2,6_سورة الانعام المنشاوي الاذاعة المصرية_part2.mp3,m_mDH08xZ8QHOBeYdrcNXLhLlP24bdER2NQkLcGokgtWNXXV2aCZ1uLfAjb6hyLGEW31MmzhK44InkBzsKkB8r_Q,7955478981207719,2026-01-16 08:44:06
7,سورة الاعراف المنشاوي الاذاعة المصرية,1,7_سورة الاعراف المنشاوي الاذاعة المصرية_part1.mp3,m_P-LBPXxy4pil03_RPkGEwblP24bdER2NQkLcGokgtWM8JYXynBqdvLnt5lTscLq_ZqPihYVtQhZtRYKkwghldw,7955478981207719,2026-01-16 08:47:00
7,سورة الاعراف المنشاوي الاذاعة المصرية,2,7_سورة الاعراف المنشاوي الاذاعة المصرية_part2.mp3,m_WD4F3HWBcNmVT2fzXgJrcrlP24bdER2NQkLcGokgtWPut2-sE9keOzxX3i5NooVo-Stj_vCHaQooIvobEuYYMA,7955478981207719,2026-01-16 08:47:07
8,سورة الانفال المنشاوي الاذاعة المصرية,1,8_سورة الانفال المنشاوي الاذاعة المصرية.mp3,m_Kf4v5k1NtNPShZwlJcp5U7lP24bdER2NQkLcGokgtWO0qFDpkpYktcmfLqwyNKS5zCOsVocq-TflvqrBKOhxCQ,7955478981207719,2026-01-16 08:48:25
9,سورة التوبة المنشاوي الاذاعة المصرية,1,9_سورة التوبة المنشاوي الاذاعة المصرية.mp3,m_HncuTdqCuVfWSe9a7gwJDrlP24bdER2NQkLcGokgtWMTeOh_DYTf_uMRXdD2MLvARxe4xIn7w9uyxnJRwV4SlA,7955478981207719,2026-01-16 08:50:51
10,سورة يونس المنشاوي الاذاعة المصرية,1,10_سورة يونس المنشاوي الاذاعة المصرية.mp3,m_waqjSGLHC-wVkXaVX3qExblP24bdER2NQkLcGokgtWMba2UTWq5U1ODBIzIbxCgCg9a5k2goaMsvgFPBHV3cYQ,7955478981207719,2026-01-16 08:52:43
11,سورة هود المنشاوي الاذاعة المصرية,1,11_سورة هود المنشاوي الاذاعة المصرية.mp3,m_k2cubPcL4JSiRYJO22e1hblP24bdER2NQkLcGokgtWO3J1HAUDXx3giC-p-Ry7N5bXcB-HBFlysDIICCjWSFvw,7955478981207719,2026-01-16 08:54:43
12,سورة يوسف المنشاوي الاذاعة المصرية,1,12_سورة يوسف المنشاوي الاذاعة المصرية.mp3,m_eDnsCQvjYlvM_sF9wViBArlP24bdER2NQkLcGokgtWNqsSWqiNDff0QM3hlgjI671SR8Iqv7ssDuvffT2UTm_Q,7955478981207719,2026-01-16 08:56:44
13,سورة الرعد المنشاوي الاذاعة المصرية,1,13_سورة الرعد المنشاوي الاذاعة المصرية.mp3,m_QuPK13NgbgGEUdl1ZlGlfrlP24bdER2NQkLcGokgtWNcYGVJ51H-kQpIiJ0Gtk65BprQzNxUXF3unOL4AKBg8g,7955478981207719,2026-01-16 08:57:44
14,سورة ابراهيم المنشاوي الاذاعة المصرية,1,14_سورة ابراهيم المنشاوي الاذاعة المصرية.mp3,m_HIClMrls7FhrnvXTLEtrKrlP24bdER2NQkLcGokgtWP42brnrAPNceF-1pG_62Lnxig1h_0k0xu3-LuJlVK8qw,7955478981207719,2026-01-16 08:58:36
15,سورة الحجر المنشاوي الاذاعة المصرية,1,15_سورة الحجر المنشاوي الاذاعة المصرية.mp3,m_fDzySdljF-UxKn5qBLSjbLlP24bdER2NQkLcGokgtWObxolEQRMGeghD_-yPZFPuqrmS0ipISYo8N_wWsuIdFQ,7955478981207719,2026-01-16 08:59:17
16,سورة النحل المنشاوي الاذاعة المصرية,1,16_سورة النحل المنشاوي الاذاعة المصرية.mp3,m_4oBPjdu9PlD9gJZku5xRjrlP24bdER2NQkLcGokgtWMNXUNzmUxV7MjAYh8WQ6r98aS6VC2D9lo45es3YwMl4A,7955478981207719,2026-01-16 09:00:52
17,سورة الاسراء المنشاوي الاذاعة المصرية,1,17_سورة الاسراء المنشاوي الاذاعة المصرية.mp3,m_Tf7Ka5ro9V92lMVox15KaLlP24bdER2NQkLcGokgtWPfi_bhtfYzcpwEVx4QxHbt1boaK_av8bgQ3Cp98JF-NQ,7955478981207719,2026-01-16 09:02:20
18,سورة الكهف المنشاوي الاذاعة المصرية,1,18_سورة الكهف المنشاوي الاذاعة المصرية.mp3,m_VQ2yFU0ezNjC5viC4A6n4LlP24bdER2NQkLcGokgtWMcOyw7mQToWF6_asqdOfcFSAj7Dpn9dNsemgE7-blF-Q,7955478981207719,2026-01-16 09:03:53
19,سورة مريم المنشاوي الاذاعة المصرية,1,19_سورة مريم المنشاوي الاذاعة المصرية.mp3,m_6rbfwlH8v8tgZrN19ZmV4rlP24bdER2NQkLcGokgtWNfuuA0Dv7TqrkyaCsDwIaFkXIpNhmY8ko6rK1_nUHCpQ,7955478981207719,2026-01-16 09:04:49
20,سورة طه المنشاوي الاذاعة المصرية,1,20_سورة طه المنشاوي الاذاعة المصرية.mp3,m_TljevIKWkzX-opigfNQE_rlP24bdER2NQkLcGokgtWOgjzaoxpiw78nxTTdUw44DFNCqVH41p6iuvVBpmGUktA,7955478981207719,2026-01-16 09:06:02
21,سورة الانبياء المنشاوي الاذاعة المصرية,1,21_سورة الانبياء المنشاوي الاذاعة المصرية.mp3,m__NEy0xAr9-zOnnJodfd61blP24bdER2NQkLcGokgtWOvME_O6wLNnkm-D9Ii7h_4Uj8UU8U29-CzoyowN3-nIA,7955478981207719,2026-01-16 09:07:18
22,سورة الحج المنشاوي الاذاعة المصرية,1,22_سورة الحج المنشاوي الاذاعة المصرية.mp3,m_QBWXqEX8vFtCvC_WXW3LYblP24bdER2NQkLcGokgtWORrigv0KObcwbR4Wb1BF0qDjEHbmi-3LlFt4pH1AY5ug,7955478981207719,2026-01-16 09:08:29
23,سورة المؤمنون المنشاوي الاذاعة المصرية,1,23_سورة المؤمنون المنشاوي الاذاعة المصرية.mp3,m_pn4JcRrYAP7JzDsZineoaLlP24bdER2NQkLcGokgtWP0aaNZFck-gmt16mQ0GJgvXtAt1t-l5LvG3v2le8fd-Q,7955478981207719,2026-01-16 09:09:30
24,سورة النور المنشاوي الاذاعة المصرية,1,24_سورة النور المنشاوي الاذاعة المصرية.mp3,m_1JddV0Jrl53P-foNFaXsdblP24bdER2NQkLcGokgtWOZ6LHPm1lOvOa0tJqytaPDDzcYb2a2CTx8vmnqL9eb1g,7955478981207719,2026-01-16 09:10:44
25,سورة الفرقان المنشاوي الاذاعة المصرية,1,25_سورة الفرقان المنشاوي الاذاعة المصرية.mp3,m_5xuVekvUjxInvmCt8B7Q2blP24bdER2NQkLcGokgtWMWMlKkuT02MqSbvF-kHRmQLmF331QcV177xtdZgLEv2g,7955478981207719,2026-01-16 09:11:35
26,سورة الشعراء المنشاوي الاذاعة المصرية,1,26_سورة الشعراء المنشاوي الاذاعة المصرية.mp3,m_E1VfkUxoLUhSrnvkvC6nu7lP24bdER2NQkLcGokgtWNsLOfxKTaPdM7e6F7hwOFnEHTY99fEHtsiZqhgw9a_qw,7955478981207719,2026-01-16 09:12:46
27,سورة النمل المنشاوي الاذاعة المصرية,1,27_سورة النمل المنشاوي الاذاعة المصرية.mp3,m_JxPixywUFZ1fi2A1Mcxno7lP24bdER2NQkLcGokgtWN-VPIted8yCYT8ZrRR__k-FA6-Cz0l00CXfyvqQKkyQA,7955478981207719,2026-01-16 09:13:49
28,سورة القصص المنشاوي الاذاعة المصرية,1,28_سورة القصص المنشاوي الاذاعة المصرية.mp3,m_up5LfaIB_VtkeIBMcJuInLlP24bdER2NQkLcGokgtWMgaLvabZ6-QUGNdKewHyfNrnTybvri_qA30EIl7dCWmw,7955478981207719,2026-01-16 09:15:03
29,سورة العنكبوت المنشاوي الاذاعة المصرية,1,29_سورة العنكبوت المنشاوي الاذاعة المصرية.mp3,m_71PmaXR5EYMlCZYjiGNYg7lP24bdER2NQkLcGokgtWO1DSeyrPM6KqLBnKodixmvSlghdLY26BF8dRFf2GRP0g,7955478981207719,2026-01-16 09:15:58
30,سورة الروم المنشاوي الاذاعة المصرية,1,30_سورة الروم المنشاوي الاذاعة المصرية.mp3,m_O6cUFE_yEINLcKRw9bLTfrlP24bdER2NQkLcGokgtWN96Zmufa8hXDa4fFY2Tf4y561XxnPXxVP5PkLGeujhzQ,7955478981207719,2026-01-16 09:16:47
31,سورة لقمان المنشاوي الاذاعة المصرية,1,31_سورة لقمان المنشاوي الاذاعة المصرية.mp3,m_KLfcb1fM7MLqK2L_pYU6MLlP24bdER2NQkLcGokgtWP4qpSnh1NpA-f2UBVPk2iUkAGLr75zSsYhWLPSRbXTHw,7955478981207719,2026-01-16 09:17:20
32,سورة السجدة المنشاوي الاذاعة المصرية,1,32_سورة السجدة المنشاوي الاذاعة المصرية.mp3,m_pSpINRDM2QQSnz2QghHIdLlP24bdER2NQkLcGokgtWPehof2jMx_YHQK44Qowi99SLqK-h9ay7mDLZ1mK_31wQ,7955478981207719,2026-01-16 09:17:45
33,سورة الاحزاب المنشاوي الاذاعة المصرية,1,33_سورة الاحزاب المنشاوي الاذاعة المصرية.mp3,m_VrT-U6PJCAesYAoG8_Ok6blP24bdER2NQkLcGokgtWPVB4CaezDbxUvwx2lN5gzWoqJzKWbuljmriJawoDvI0Q,7955478981207719,2026-01-16 09:18:53
34,سورة سبأ المنشاوي الاذاعة المصرية,1,34_سورة سبأ المنشاوي الاذاعة المصرية.mp3,m_BPVLq7W3wRGmPhB4Qy8tBblP24bdER2NQkLcGokgtWN1aCnfw1dhyB5xvM9qxLA1NCWnQL41oGnBwHa2b_rxLA,7955478981207719,2026-01-16 09:19:39
35,سورة فاطر المنشاوي الاذاعة المصرية,1,35_سورة فاطر المنشاوي الاذاعة المصرية.mp3,m_iWK9pVPYrhg0PsgD_hSrVblP24bdER2NQkLcGokgtWPNEg9sLf3zf53G9cG3MiYYt_y41n10nxlMRnWKCm8mMg,7955478981207719,2026-01-16 09:20:22
36,سورة يس المنشاوي الاذاعة المصرية,1,36_سورة يس المنشاوي الاذاعة المصرية.mp3,m_DNKXGLgaRm4m1QMqxLraO7lP24bdER2NQkLcGokgtWM89SqLyzx9J_hNOuadgAfEMFbQ_hGvmn9nc9fOImhYWg,7955478981207719,2026-01-16 09:21:03
37,سورة الصافات المنشاوي الاذاعة المصرية,1,37_سورة الصافات المنشاوي الاذاعة المصرية.mp3,m__ymEcUOh45r_CzlGvSE3-rlP24bdER2NQkLcGokgtWN5NtjwuMyW9giNKOU78aAXh7bhPeq_ctMupPIhS3pwOw,7955478981207719,2026-01-16 09:21:55
38,سورة ص المنشاوي الاذاعة المصرية,1,38_سورة ص المنشاوي الاذاعة المصرية.mp3,m_jAbue0XVb1UnE9RM_dlFHrlP24bdER2NQkLcGokgtWMfrjG_m-1pB5443qlvffGLxPAuVc_lCfx7BoNjBSY9Tw,7955478981207719,2026-01-16 09:22:43
39,سورة الزمر المنشاوي الاذاعة المصرية,1,39_سورة الزمر المنشاوي الاذاعة المصرية.mp3,m_Iy-6QCcwx6_WcRQGbukhOblP24bdER2NQkLcGokgtWN5D6jc-f9Qx0gN6GFEmnwZMW8SdZgP-S34uQmRz9g2eQ,7955478981207719,2026-01-16 09:23:47
40,سورة غافر المنشاوي الاذاعة المصرية,1,40_سورة غافر المنشاوي الاذاعة المصرية.mp3,m_lW23jDhXd_B3sWOnZGRrKLlP24bdER2NQkLcGokgtWPRDofnJlWhJE_HkXl0ZY1iuu0U0GwqsnzCesHL3F4HfQ,7955478981207719,2026-01-16 09:24:47
41,سورة فصلت المنشاوي الاذاعة المصرية,1,41_سورة فصلت المنشاوي الاذاعة المصرية.mp3,m_M9vmdtneMTXy42hYG9oHqblP24bdER2NQkLcGokgtWMWGRoB_4AieGfsc2_mmhcSLLurY5z4Djwsxe_PhMmW9Q,7955478981207719,2026-01-16 09:25:30
42,سورة الشورى المنشاوي الاذاعة المصرية,1,42_سورة الشورى المنشاوي الاذاعة المصرية.mp3,m_v2N9fWYl5Ei6x5Mcn_aSlLlP24bdER2NQkLcGokgtWN0ir0VR1Voe6NybLNV2wHMbnEy-RW48qPmXqm2XLGz8Q,7955478981207719,2026-01-16 09:26:14
43,سورة الزخرف المنشاوي الاذاعة المصرية,1,43_سورة الزخرف المنشاوي الاذاعة المصرية.mp3,m_8UTPSY_F7ubW4uDI7mxKTblP24bdER2NQkLcGokgtWPt7gyxIRtYtrjyCRbS8YBO3MWuXqR2EhWuDixnAtGz2Q,7955478981207719,2026-01-16 09:26:59
44,سورة الدخان المنشاوي الاذاعة المصرية,1,44_سورة الدخان المنشاوي الاذاعة المصرية.mp3,m_ZuEAa7oDkHoQ84L8IuPziblP24bdER2NQkLcGokgtWMmzXX5Iyk0M37ZiKfUKHjlLjoM1YZCZ1DZmU-et9k2vw,7955478981207719,2026-01-16 09:27:23
45,سورة الجاثية المنشاوي الاذاعة المصرية,1,45_سورة الجاثية المنشاوي الاذاعة المصرية.mp3,m_-fvdobv4YoyakRH2CrJmbrlP24bdER2NQkLcGokgtWOQ36l_MUz-pGyUVTYtNysAT4TYOZfV92HmeUbG56NTsg,7955478981207719,2026-01-16 09:27:51
46,سورة الاحقاف المنشاوي الاذاعة المصرية,1,46_سورة الاحقاف المنشاوي الاذاعة المصرية.mp3,m_0aXsxaYXcYpmEf82KZd7e7lP24bdER2NQkLcGokgtWPvNHUHFy8u_k_EYzERT_9qFbZU5kxw1q1ZBiesm26VlA,7955478981207719,2026-01-16 09:28:25
47,سورة محمد المنشاوي الاذاعة المصرية,1,47_سورة محمد المنشاوي الاذاعة المصرية.mp3,m_ntXLMgD-yRAPzzsdyVWMf7lP24bdER2NQkLcGokgtWNiRD5iO_JL2HyAzk_P0YuZwIdDushFRYRCh1XYk5mVgA,7955478981207719,2026-01-16 09:28:56
48,سورة الفتح المنشاوي الاذاعة المصرية,1,48_سورة الفتح المنشاوي الاذاعة المصرية.mp3,m_T_h7e2eCF4CbT-4tLf5JzblP24bdER2NQkLcGokgtWMQvP3W94L_LIpGu7Yz8mir0eOetsqwgVVyTFPEa7KmfA,7955478981207719,2026-01-16 09:29:32
49,سورة الحجرات المنشاوي الاذاعة المصرية,1,49_سورة الحجرات المنشاوي الاذاعة المصرية.mp3,m_CP-dBfXJSg9JDQ8dvFzo47lP24bdER2NQkLcGokgtWNNOV_ao7Oc2FUA0s7W9AGAPIWgOImdl4YE_yeUAXe78g,7955478981207719,2026-01-16 09:29:58
50,سورة ق المنشاوي الاذاعة المصرية,1,50_سورة ق المنشاوي الاذاعة المصرية.mp3,m_dOdcFKCIun1Jwa0CH-6fZ7lP24bdER2NQkLcGokgtWNvSc51aQS3gkBFGW_v9DIraZ6DUr8DOEd6IneUnCkv6w,7955478981207719,2026-01-16 09:30:22
51,سورة الذاريات المنشاوي الاذاعة المصرية,1,51_سورة الذاريات المنشاوي الاذاعة المصرية.mp3,m_xwDbxAvEgLaAtDaUCorkbLlP24bdER2NQkLcGokgtWObhxN6qWFft-OL090qfgFzwcLtfVBA0gl4YXekuS9kHQ,7955478981207719,2026-01-16 09:30:46
52,سورة الطور المنشاوي الاذاعة المصرية,1,52_سورة الطور المنشاوي الاذاعة المصرية.mp3,m_UQ74_LDW1BTyVwlvGWuZablP24bdER2NQkLcGokgtWOZFH82w8lvoYhJgiG93DTuq0f6cI-JWxWMYgsKiDBJaA,7955478981207719,2026-01-16 09:31:11
53,سورة النجم المنشاوي الاذاعة المصرية,1,53_سورة النجم المنشاوي الاذاعة المصرية.mp3,m_suuGY4oLIiS3F8s6CK5xZ7lP24bdER2NQkLcGokgtWNo5TDh9EVUh1Ip7TWAnS84Q_Xq1qd5toFT5bF5pKQ6GA,7955478981207719,2026-01-16 09:31:34
54,سورة القمر المنشاوي الاذاعة المصرية,1,54_سورة القمر المنشاوي الاذاعة المصرية.mp3,m_P0Gde3WctJ2k80G0wHJxOblP24bdER2NQkLcGokgtWMU_4kIyjuHZi13bLaYXSkE3_MPwlSqnt0mJ5vUNqkOeQ,7955478981207719,2026-01-16 09:32:00
55,سورة الرحمن المنشاوي الاذاعة المصرية,1,55_سورة الرحمن المنشاوي الاذاعة المصرية.mp3,m_V9w2fibWOfS0evRpU2EGBLlP24bdER2NQkLcGokgtWMPk3MFWuP2bLGKMT0ORxlhCoODBAFYfSOyVa8-_ThJXw,7955478981207719,2026-01-16 09:32:27
56,سورة الواقعة المنشاوي الاذاعة المصرية,1,56_سورة الواقعة المنشاوي الاذاعة المصرية.mp3,m_GT-WO0dwprjAG7kYhAwBL7lP24bdER2NQkLcGokgtWNqgRxlFmggh-xlzbKFEapUVAONHcdy0JbVdtzroTXpeg,7955478981207719,2026-01-16 09:32:55
57,سورة الحديد المنشاوي الاذاعة المصرية,1,57_سورة الحديد المنشاوي الاذاعة المصرية.mp3,m_83L0TyT2Q2RRfyEs4OSU-7lP24bdER2NQkLcGokgtWOk4MaIc-EjQHNj5Ke30k3YabMw7SG8ynT3BDatqI4jfQ,7955478981207719,2026-01-16 09:33:31
58,سورة المجادلة المنشاوي الاذاعة المصرية,1,58_سورة المجادلة المنشاوي الاذاعة المصرية.mp3,m_0f7grIkfBEeebazGcQRvg7lP24bdER2NQkLcGokgtWMBCk_znYVCPnIJf10pWAITgrFcBkW-FjbGE4FUIKw5oA,7955478981207719,2026-01-16 09:34:06
59,سورة الحشر المنشاوي الاذاعة المصرية,1,59_سورة الحشر المنشاوي الاذاعة المصرية.mp3,m_fo8vs1xWNFXmB2pXdTMVn7lP24bdER2NQkLcGokgtWMTHtHIEAd0onhFv21ftwf6sExPNQ3R5WF8HYMB1NTS1g,7955478981207719,2026-01-16 09:34:33
60,سورة الممتحنة المنشاوي الاذاعة المصرية,1,60_سورة الممتحنة المنشاوي الاذاعة المصرية.mp3,m_Lb1B9lRr2NDJngcmIPhd-LlP24bdER2NQkLcGokgtWO_zmfA2S5GHPyUr8rBhsPw73BrDmlpIQhJTqtDlPdlYA,7955478981207719,2026-01-16 09:34:58
61,سورة الصف المنشاوي الاذاعة المصرية,1,61_سورة الصف المنشاوي الاذاعة المصرية.mp3,m_Ex1ZtPDpsGJMtZzYwz9P97lP24bdER2NQkLcGokgtWN_dHlQjs4_w0LoyG13Ev_hd6BVbwkviCDmVVplYIpEFA,7955478981207719,2026-01-16 09:35:16
62,سورة الجمعة المنشاوي الاذاعة المصرية,1,62_سورة الجمعة المنشاوي الاذاعة المصرية.mp3,m_gBcTt1aXoeOoGeY8mGCsVLlP24bdER2NQkLcGokgtWMtDMkIrICeiyIoh8NWXoTtDibgfMZwz_ActrG39uEHpA,7955478981207719,2026-01-16 09:35:34
63,سورة المنافقون المنشاوي الاذاعة المصرية,1,63_سورة المنافقون المنشاوي الاذاعة المصرية.mp3,m_XBhE2yKOeZIQC7naSyMByLlP24bdER2NQkLcGokgtWP9vXy9XVIOJq-jCNBaXsF55WjISNOFoYg1Xa-cb46D5A,7955478981207719,2026-01-16 09:35:52
64,سورة التغابن المنشاوي الاذاعة المصرية,1,64_سورة التغابن المنشاوي الاذاعة المصرية.mp3,m_AY5to2wz5quD3rRBa_M3gLlP24bdER2NQkLcGokgtWObF8UciZXEa1dT1LLHMvdUDAnM-0vCngKoqQjOVqbPTg,7955478981207719,2026-01-16 09:36:10
65,سورة الطلاق المنشاوي الاذاعة المصرية,1,65_سورة الطلاق المنشاوي الاذاعة المصرية.mp3,m_aL-GvC1qqFWg9A1MysAILLlP24bdER2NQkLcGokgtWPPmi-uCMsvK4TrE2Dx2BawQePI21feRaM-1OD6LODC9A,7955478981207719,2026-01-16 09:36:33
66,سورة التحريم المنشاوي الاذاعة المصرية,1,66_سورة التحريم المنشاوي الاذاعة المصرية.mp3,m_wHUGCm_z26QQH8ScG65LtLlP24bdER2NQkLcGokgtWNKMwXvAVik9VI9kXYLO3HRV_UOP0pl3XO40b5tTTE00g,7955478981207719,2026-01-16 09:36:55
67,سورة الملك المنشاوي الاذاعة المصرية,1,67_سورة الملك المنشاوي الاذاعة المصرية.mp3,m_smCHUopW7yOqjbBO9cSkI7lP24bdER2NQkLcGokgtWP1Vw5-xp-UbkbK2K_nh84EaTc_aOBDVopnsu9x6h36mw,7955478981207719,2026-01-16 09:37:17
68,سورة القلم المنشاوي الاذاعة المصرية,1,68_سورة القلم المنشاوي الاذاعة المصرية.mp3,m_-oJzhmmAffJQ0Ts5DD5tQrlP24bdER2NQkLcGokgtWOpU8cjqytqzGAM025vzzLks4S9BpTMB1hsxA5z7lJWog,7955478981207719,2026-01-16 09:37:41
69,سورة الحاقة المنشاوي الاذاعة المصرية,1,69_سورة الحاقة المنشاوي الاذاعة المصرية.mp3,m_uetdXG4axiQ0L9HnabQjnrlP24bdER2NQkLcGokgtWNpqUEOvvTHHAXkk4EisvJPP38c8Jslc47HcjXNSvm31A,7955478981207719,2026-01-16 09:38:03
70,سورة المعارج المنشاوي الاذاعة المصرية,1,70_سورة المعارج المنشاوي الاذاعة المصرية.mp3,m__eu7XUOuXfQu6wSIk_y5TrlP24bdER2NQkLcGokgtWOBOC4QvhmDlpD_jDSdbehWjsx422HIlmN0zQ7GVZLwjw,7955478981207719,2026-01-16 09:38:23
71,سورة نوح المنشاوي الاذاعة المصرية,1,71_سورة نوح المنشاوي الاذاعة المصرية.mp3,m_kEm-h44izqlbw21yHRaMzLlP24bdER2NQkLcGokgtWPmrsddsHRb4kv-fIdfAKKJbenxk0W4p6tey8GxhIXceA,7955478981207719,2026-01-16 09:38:43
72,سورة الجن المنشاوي الاذاعة المصرية,1,72_سورة الجن المنشاوي الاذاعة المصرية.mp3,m_mSHdfhcLP7PKV9Ct8WXXRrlP24bdER2NQkLcGokgtWNV8PjGYzdCPqeKXWF2tR-LGQTO7utlkxISc01ytzLixg,7955478981207719,2026-01-16 09:39:04
73,سورة المزمل المنشاوي الاذاعة المصرية,1,73_سورة المزمل المنشاوي الاذاعة المصرية.mp3,m_RtSkhipwgabQtP__6_IO9rlP24bdER2NQkLcGokgtWOKPshBj5uAX4dgLTylvXHvTIJh0J7ZTsHbQZBYJfDkSw,7955478981207719,2026-01-16 09:39:21
74,سورة المدثر المنشاوي الاذاعة المصرية,1,74_سورة المدثر المنشاوي الاذاعة المصرية.mp3,m_DmkBC0vTx40r5A-N9tl-lrlP24bdER2NQkLcGokgtWMZZJQJHpFjjQ-7VTpwPgSd5eaf6O9JAO2PrwageZCrDA,7955478981207719,2026-01-16 09:39:43
75,سورة القيامة المنشاوي الاذاعة المصرية,1,75_سورة القيامة المنشاوي الاذاعة المصرية.mp3,m_KbbSAYC4HNoEqQ7ZQ1S0n7lP24bdER2NQkLcGokgtWMlg3spSpWFBQWN86IfABnKeBhd9zo-424Fx0tg8wczrg,7955478981207719,2026-01-16 09:40:01
76,سورة الإنسان المنشاوي الإذاعة المصرية,1,76_سورة الإنسان المنشاوي الإذاعة المصرية.mp3,m_Sk9g_jFOJjhJ8d3nkpFMSrlP24bdER2NQkLcGokgtWNtEOAlA-HnfOdOADMcwrsKHanGCkm4TCVwA9i1sMK4Qw,7955478981207719,2026-01-16 09:40:22
77,سورة المرسلات المنشاوي الاذاعة المصرية,1,77_سورة المرسلات المنشاوي الاذاعة المصرية.mp3,m_9u0C7kJDuOl_bY_wl-g8v7lP24bdER2NQkLcGokgtWMSRy7owpIPkwqpcXHk6gZFXhaJomlBLeMo4hdBepmdSw,7955478981207719,2026-01-16 09:40:42
78,سورة النبأ المنشاوي الاذاعة المصرية,1,78_سورة النبأ المنشاوي الاذاعة المصرية.mp3,m_PfRg9f7C76WhsUNlWm4g17lP24bdER2NQkLcGokgtWOqZ5pMmk2H8D8iEGIGQieunWgv5VuUgLj7WzyRkwlFVw,7955478981207719,2026-01-16 09:41:00
79,سورة النازعات المنشاوي الاذاعة المصرية,1,79_سورة النازعات المنشاوي الاذاعة المصرية.mp3,m_4HcJ_LG3_6SKpqhP0Ivjj7lP24bdER2NQkLcGokgtWO0tsque1X5aKLpgsVt6gjnMjKTyev2-GUjiPGGlUPBOQ,7955478981207719,2026-01-16 09:41:19
80,سورة عبس المنشاوي الاذاعة المصرية,1,80_سورة عبس المنشاوي الاذاعة المصرية.mp3,m_cC7MOWGwlb008ox5wxqO5LlP24bdER2NQkLcGokgtWP5a3j_97qHPKjdoSUj_6Tw-geVCh2TenqC9ioC1B24Bw,7955478981207719,2026-01-16 09:41:36
81,سورة التكوير المنشاوي الاذاعة المصرية,1,81_سورة التكوير المنشاوي الاذاعة المصرية.mp3,m_sUN0pCfP2o5aZi8xiIZ88blP24bdER2NQkLcGokgtWPl6EfxI8u7rSTyUPFBoT90boLPoJgLaNLgdohGUwXLng,7955478981207719,2026-01-16 09:41:51
82,سورة الانفطار المنشاوي الاذاعة المصرية,1,82_سورة الانفطار المنشاوي الاذاعة المصرية.mp3,m_Lv3CRGhgGAMGZdMvZkXo7blP24bdER2NQkLcGokgtWOA5d5qUID9u5_P96w2OMWdhjLnGiqmjeYECWIVVseKqA,7955478981207719,2026-01-16 09:42:04
83,سورة المطففين المنشاوي الاذاعة المصرية,1,83_سورة المطففين المنشاوي الاذاعة المصرية.mp3,m_HY3V15vyccGBwrhYqSmDjblP24bdER2NQkLcGokgtWPGg6F6OhpLHds62wLbriKF7o-tlD7KlH4X253SvBg5Uw,7955478981207719,2026-01-16 09:42:21
85,سورة البروج المنشاوي الاذاعة المصرية,1,85_سورة البروج المنشاوي الاذاعة المصرية.mp3,m_Wi_l8xx8t7w6eZnbo7EuGLlP24bdER2NQkLcGokgtWPx0Li9ydMidXEwVCwWpu7VcS2o5sFdRas2rZxAUmlUiw,7955478981207719,2026-01-16 09:42:38
86,سورة الطارق المنشاوي الاذاعة المصرية,1,86_سورة الطارق المنشاوي الاذاعة المصرية.mp3,m_D0yzBphWK_UMm54rA5vktblP24bdER2NQkLcGokgtWPYPXRSKnR89lyUjMezJMH2pYMwm-w1-M5vz346KK0aDw,7955478981207719,2026-01-16 09:42:50
87,سورةالاعلى المنشاوي الاذاعة المصرية,1,87_سورةالاعلى المنشاوي الاذاعة المصرية.mp3,m_fJhkjjH1mw--WjbQbPOSZLlP24bdER2NQkLcGokgtWM3hqxbULV3o6VhqOd2vSpzB3-bVe0HCOFRPh1lik_LiQ,7955478981207719,2026-01-16 09:43:03
88,سورة الغاشية المنشاوي الاذاعة المصرية,1,88_سورة الغاشية المنشاوي الاذاعة المصرية.mp3,m_uJDmrLoV8JR7ofJwMCtGkLlP24bdER2NQkLcGokgtWOkrv6LT3kGU6yxwWm5J2Ta6KBIVZ6PEaJR5YKljtqYxg,7955478981207719,2026-01-16 09:43:19
89,سورة الفجر المنشاوي الاذاعة المصرية,1,89_سورة الفجر المنشاوي الاذاعة المصرية.mp3,m_VK36KtUwMKNojCJkPvo_-blP24bdER2NQkLcGokgtWPI7hfVylANPqxLqtpuVqGLyI_2366V-xicXzMZzPykww,7955478981207719,2026-01-16 09:43:38
90,سورة البلد المنشاوي الاذاعة المصرية,1,90_سورة البلد المنشاوي الاذاعة المصرية.mp3,m_WIwy0tW5tQEjIJhLkPT6OblP24bdER2NQkLcGokgtWOL1g5VLRHXGAgYpvaTeM-vE0f3tNWtuBMvrdkKp84ldA,7955478981207719,2026-01-16 09:43:51
91,سورة الشمس المنشاوي الاذاعة المصرية,1,91_سورة الشمس المنشاوي الاذاعة المصرية.mp3,m_FVW_6SAj3UNF5yL3O59o2LlP24bdER2NQkLcGokgtWMr9q9WoES5mZcapfC97j67Hg6bRQN9EJOymHLPl1sLQQ,7955478981207719,2026-01-16 09:44:03
92,سورة الليل المنشاوي الاذاعة المصرية,1,92_سورة الليل المنشاوي الاذاعة المصرية.mp3,m_FbwQ18QrUjk-YT8rYj0A3blP24bdER2NQkLcGokgtWOFc021-ENWt0KbnmC9ubk3iI5RzURM1xL0ipWmGZGPrw,7955478981207719,2026-01-16 09:44:16
93,سورة الضحى المنشاوي الاذاعة المصرية,1,93_سورة الضحى المنشاوي الاذاعة المصرية.mp3,m_it9ScTTzcJHxlr6f2sdIZLlP24bdER2NQkLcGokgtWPCGbicIo5_Z1zVKbUso7zaHtH2X0NR0lkGlTWaPEbieA,7955478981207719,2026-01-16 09:44:27
94,سورة الشرح المنشاوي الاذاعة المصرية,1,94_سورة الشرح المنشاوي الاذاعة المصرية.mp3,m_P6PLXcB3vna8Gzdc_cEdELlP24bdER2NQkLcGokgtWNg0e0cEvnDSSR6LGwhVRfJWJaf3xcjPlROLt9hiCdOeA,7955478981207719,2026-01-16 09:44:37
95,سورة التين المنشاوي الاذاعة المصرية,1,95_سورة التين المنشاوي الاذاعة المصرية.mp3,m_jYotp9vA3EVBtMxHlILMtrlP24bdER2NQkLcGokgtWPjJ1_m26OaiGWx5riLESQ-A4Uj4eh1Z9LhmyqNDmpoLA,7955478981207719,2026-01-16 09:44:48
96,سورة العلق المنشاوي الاذاعة المصرية,1,96_سورة العلق المنشاوي الاذاعة المصرية.mp3,m__uqBO-ESPRhrA_fA8ZhDG7lP24bdER2NQkLcGokgtWNiqitNPYI3OWR9-j8nMM7hGeqfxq5rJnts14j774lB5Q,7955478981207719,2026-01-16 09:45:01
97,سورة القدر المنشاوي الاذاعة المصرية,1,97_سورة القدر المنشاوي الاذاعة المصرية.mp3,m_QEYVPdjUCyFcvvftDwY587lP24bdER2NQkLcGokgtWPcOUd1haCGO56PvPSq9nrfDzi-aA0WqfYCgs6mx-sRUw,7955478981207719,2026-01-16 09:45:12
98,سورة البينة المنشاوي الاذاعة المصرية,1,98_سورة البينة المنشاوي الاذاعة المصرية.mp3,m_unABQt2__N1hRy2IeKd6NblP24bdER2NQkLcGokgtWN7lhdNKjRWYIfqxw7_ilczrQt9p2aIGk6aOkqBddt0QA,7955478981207719,2026-01-16 09:45:27
99,سورة الزلزلة المنشاوي الاذاعة المصرية,1,99_سورة الزلزلة المنشاوي الاذاعة المصرية.mp3,m_VM7hLRmBDt-e7WLv7ahkD7lP24bdER2NQkLcGokgtWPFYnvZKEQxFEiF4XjKxzcRiuHio0DxhfR4XzND2Tlprw,7955478981207719,2026-01-16 09:45:40
100,سورة العاديات المنشاوي الاذاعة المصرية,1,100_سورة العاديات المنشاوي الاذاعة المصرية.mp3,m_8D_HMlG-Jbf1pxKwfzWfaLlP24bdER2NQkLcGokgtWNbubH7xWL3iVy3Xo1Fwc5ZNQPbqrpCHV0eByk46Sj_9Q,7955478981207719,2026-01-16 09:45:51
101,سورة القارعة المنشاوي الاذاعة المصرية,1,101_سورة القارعة المنشاوي الاذاعة المصرية.mp3,m_E_1cJ00VDJeBVt1Bj9ZgarlP24bdER2NQkLcGokgtWNRIA68m9zxo7R1QbtaC0XxLJIHuIDR-80XTLTg6_f1NA,7955478981207719,2026-01-16 09:46:03
102,سورة التكاثر المنشاوي الاذاعة المصرية,1,102_سورة التكاثر المنشاوي الاذاعة المصرية.mp3,m_9a_Pvbl2HxMdcYHCA9uhwLlP24bdER2NQkLcGokgtWNMYTbu9LFWbxK6J2_0Pr9n2JJmyJN8Vv0_134hbzpFkA,7955478981207719,2026-01-16 09:46:14
103,سورة العصر المنشاوي الاذاعة المصرية,1,103_سورة العصر المنشاوي الاذاعة المصرية.mp3,m_uFed5TFpRr-p0ADvdPEzU7lP24bdER2NQkLcGokgtWNr48ac7hKtq21AaUgRo_3bWkBsastRSaXZpJppEj-WMQ,7955478981207719,2026-01-16 09:46:22
104,سورة الهمزة المنشاوي الاذاعة المصرية,1,104_سورة الهمزة المنشاوي الاذاعة المصرية.mp3,m_0rEPUw_4arc4zeQGkpoUnLlP24bdER2NQkLcGokgtWPmRvdpzn5AB_G7nRtwCLWd3yJdo3dieIO8yNcQ0rpUhw,7955478981207719,2026-01-16 09:46:32
105,سورة الفيل المنشاوي الاذاعة المصرية,1,105_سورة الفيل المنشاوي الاذاعة المصرية.mp3,m_q1hawGdy0hesfuqWEdm1I7lP24bdER2NQkLcGokgtWPU1G0cXZkJE3pdYkvcqLsPS6eWZXLkwUDfuNTAQXI_Lg,7955478981207719,2026-01-16 09:46:42
