reciteurId,sourateNumero,duree,urlWeb,pathLocal
1,1,60,https://server8.mp3quran.net/afs/001.mp3,
1,2,9000,https://server8.mp3quran.net/afs/002.mp3,
1,3,5400,https://server8.mp3quran.net/afs/003.mp3,
1,4,6480,https://server8.mp3quran.net/afs/004.mp3,
1,5,4320,https://server8.mp3quran.net/afs/005.mp3,
1,6,5160,https://server8.mp3quran.net/afs/006.mp3,
1,7,6180,https://server8.mp3quran.net/afs/007.mp3,
1,8,2400,https://server8.mp3quran.net/afs/008.mp3,
1,9,4080,https://server8.mp3quran.net/afs/009.mp3,
1,10,3300,https://server8.mp3quran.net/afs/010.mp3,
1,11,3660,https://server8.mp3quran.net/afs/011.mp3,
1,12,3420,https://server8.mp3quran.net/afs/012.mp3,
1,13,1380,https://server8.mp3quran.net/afs/013.mp3,
1,14,1680,https://server8.mp3quran.net/afs/014.mp3,
1,15,3000,https://server8.mp3quran.net/afs/015.mp3,
1,16,3840,https://server8.mp3quran.net/afs/016.mp3,
1,17,3420,https://server8.mp3quran.net/afs/017.mp3,
1,18,3360,https://server8.mp3quran.net/afs/018.mp3,
1,19,2940,https://server8.mp3quran.net/afs/019.mp3,
1,20,4020,https://server8.mp3quran.net/afs/020.mp3,
1,21,3360,https://server8.mp3quran.net/afs/021.mp3,
1,22,2340,https://server8.mp3quran.net/afs/022.mp3,
1,23,3540,https://server8.mp3quran.net/afs/023.mp3,
1,24,1920,https://server8.mp3quran.net/afs/024.mp3,
1,25,2340,https://server8.mp3quran.net/afs/025.mp3,
1,26,6780,https://server8.mp3quran.net/afs/026.mp3,
1,27,2820,https://server8.mp3quran.net/afs/027.mp3,
1,28,2640,https://server8.mp3quran.net/afs/028.mp3,
1,29,2100,https://server8.mp3quran.net/afs/029.mp3,
1,30,1800,https://server8.mp3quran.net/afs/030.mp3,
1,31,1020,https://server8.mp3quran.net/afs/031.mp3,
1,32,900,https://server8.mp3quran.net/afs/032.mp3,
1,33,2220,https://server8.mp3quran.net/afs/033.mp3,
1,34,1620,https://server8.mp3quran.net/afs/034.mp3,
1,35,1380,https://server8.mp3quran.net/afs/035.mp3,
1,36,2520,https://server8.mp3quran.net/afs/036.mp3,
1,37,5460,https://server8.mp3quran.net/afs/037.mp3,
1,38,2640,https://server8.mp3quran.net/afs/038.mp3,
1,39,2280,https://server8.mp3quran.net/afs/039.mp3,
1,40,2580,https://server8.mp3quran.net/afs/040.mp3,
1,41,1620,https://server8.mp3quran.net/afs/041.mp3,
1,42,1620,https://server8.mp3quran.net/afs/042.mp3,
1,43,2700,https://server8.mp3quran.net/afs/043.mp3,
1,44,1800,https://server8.mp3quran.net/afs/044.mp3,
1,45,1140,https://server8.mp3quran.net/afs/045.mp3,
1,46,1080,https://server8.mp3quran.net/afs/046.mp3,
1,47,1140,https://server8.mp3quran.net/afs/047.mp3,
1,48,900,https://server8.mp3quran.net/afs/048.mp3,
1,49,540,https://server8.mp3quran.net/afs/049.mp3,
1,50,1380,https://server8.mp3quran.net/afs/050.mp3,
1,51,1800,https://server8.mp3quran.net/afs/051.mp3,
1,52,1500,https://server8.mp3quran.net/afs/052.mp3,
1,53,1860,https://server8.mp3quran.net/afs/053.mp3,
1,54,1680,https://server8.mp3quran.net/afs/054.mp3,
1,55,2340,https://server8.mp3quran.net/afs/055.mp3,
1,56,2880,https://server8.mp3quran.net/afs/056.mp3,
1,57,900,https://server8.mp3quran.net/afs/057.mp3,
1,58,660,https://server8.mp3quran.net/afs/058.mp3,
1,59,720,https://server8.mp3quran.net/afs/059.mp3,
1,60,420,https://server8.mp3quran.net/afs/060.mp3,
1,61,420,https://server8.mp3quran.net/afs/061.mp3,
1,62,360,https://server8.mp3quran.net/afs/062.mp3,
1,63,360,https://server8.mp3quran.net/afs/063.mp3,
1,64,540,https://server8.mp3quran.net/afs/064.mp3,
1,65,360,https://server8.mp3quran.net/afs/065.mp3,
1,66,360,https://server8.mp3quran.net/afs/066.mp3,
1,67,900,https://server8.mp3quran.net/afs/067.mp3,
1,68,1560,https://server8.mp3quran.net/afs/068.mp3,
1,69,1560,https://server8.mp3quran.net/afs/069.mp3,
1,70,1320,https://server8.mp3quran.net/afs/070.mp3,
1,71,840,https://server8.mp3quran.net/afs/071.mp3,
1,72,840,https://server8.mp3quran.net/afs/072.mp3,
1,73,600,https://server8.mp3quran.net/afs/073.mp3,
1,74,1680,https://server8.mp3quran.net/afs/074.mp3,
1,75,1200,https://server8.mp3quran.net/afs/075.mp3,
1,76,960,https://server8.mp3quran.net/afs/076.mp3,
1,77,1500,https://server8.mp3quran.net/afs/077.mp3,
1,78,1200,https://server8.mp3quran.net/afs/078.mp3,
1,79,1380,https://server8.mp3quran.net/afs/079.mp3,
1,80,1260,https://server8.mp3quran.net/afs/080.mp3,
1,81,900,https://server8.mp3quran.net/afs/081.mp3,
1,82,600,https://server8.mp3quran.net/afs/082.mp3,
1,83,1080,https://server8.mp3quran.net/afs/083.mp3,
1,84,780,https://server8.mp3quran.net/afs/084.mp3,
1,85,660,https://server8.mp3quran.net/afs/085.mp3,
1,86,540,https://server8.mp3quran.net/afs/086.mp3,
1,87,600,https://server8.mp3quran.net/afs/087.mp3,
1,88,780,https://server8.mp3quran.net/afs/088.mp3,
1,89,900,https://server8.mp3quran.net/afs/089.mp3,
1,90,600,https://server8.mp3quran.net/afs/090.mp3,
1,91,480,https://server8.mp3quran.net/afs/091.mp3,
1,92,660,https://server8.mp3quran.net/afs/092.mp3,
1,93,360,https://server8.mp3quran.net/afs/093.mp3,
1,94,240,https://server8.mp3quran.net/afs/094.mp3,
1,95,240,https://server8.mp3quran.net/afs/095.mp3,
1,96,600,https://server8.mp3quran.net/afs/096.mp3,
1,97,180,https://server8.mp3quran.net/afs/097.mp3,
1,98,240,https://server8.mp3quran.net/afs/098.mp3,
1,99,240,https://server8.mp3quran.net/afs/099.mp3,
1,100,360,https://server8.mp3quran.net/afs/100.mp3,
1,101,360,https://server8.mp3quran.net/afs/101.mp3,
1,102,240,https://server8.mp3quran.net/afs/102.mp3,
1,103,120,https://server8.mp3quran.net/afs/103.mp3,
1,104,300,https://server8.mp3quran.net/afs/104.mp3,
1,105,180,https://server8.mp3quran.net/afs/105.mp3,
1,106,120,https://server8.mp3quran.net/afs/106.mp3,
1,107,240,https://server8.mp3quran.net/afs/107.mp3,
1,108,120,https://server8.mp3quran.net/afs/108.mp3,
1,109,180,https://server8.mp3quran.net/afs/109.mp3,
1,110,120,https://server8.mp3quran.net/afs/110.mp3,
1,111,180,https://server8.mp3quran.net/afs/111.mp3,
1,112,120,https://server8.mp3quran.net/afs/112.mp3,
1,113,180,https://server8.mp3quran.net/afs/113.mp3,
1,114,180,https://server8.mp3quran.net/afs/114.mp3,
2,1,70,https://server7.mp3quran.net/basit/001.mp3,
2,2,9500,https://server7.mp3quran.net/basit/002.mp3,
2,3,5700,https://server7.mp3quran.net/basit/003.mp3,
2,4,6800,https://server7.mp3quran.net/basit/004.mp3,
2,5,4500,https://server7.mp3quran.net/basit/005.mp3,
2,6,5400,https://server7.mp3quran.net/basit/006.mp3,
2,7,6500,https://server7.mp3quran.net/basit/007.mp3,
2,8,2520,https://server7.mp3quran.net/basit/008.mp3,
2,9,4280,https://server7.mp3quran.net/basit/009.mp3,
2,10,3480,https://server7.mp3quran.net/basit/010.mp3,
2,11,3840,https://server7.mp3quran.net/basit/011.mp3,
2,12,3600,https://server7.mp3quran.net/basit/012.mp3,
2,13,1450,https://server7.mp3quran.net/basit/013.mp3,
2,14,1760,https://server7.mp3quran.net/basit/014.mp3,
2,15,3150,https://server7.mp3quran.net/basit/015.mp3,
2,16,4020,https://server7.mp3quran.net/basit/016.mp3,
2,17,3600,https://server7.mp3quran.net/basit/017.mp3,
2,18,3530,https://server7.mp3quran.net/basit/018.mp3,
2,19,3090,https://server7.mp3quran.net/basit/019.mp3,
2,20,4220,https://server7.mp3quran.net/basit/020.mp3,
2,21,3530,https://server7.mp3quran.net/basit/021.mp3,
2,22,2460,https://server7.mp3quran.net/basit/022.mp3,
2,23,3720,https://server7.mp3quran.net/basit/023.mp3,
2,24,2020,https://server7.mp3quran.net/basit/024.mp3,
2,25,2460,https://server7.mp3quran.net/basit/025.mp3,
2,26,7120,https://server7.mp3quran.net/basit/026.mp3,
2,27,2960,https://server7.mp3quran.net/basit/027.mp3,
2,28,2770,https://server7.mp3quran.net/basit/028.mp3,
2,29,2210,https://server7.mp3quran.net/basit/029.mp3,
2,30,1890,https://server7.mp3quran.net/basit/030.mp3,
2,31,1070,https://server7.mp3quran.net/basit/031.mp3,
2,32,950,https://server7.mp3quran.net/basit/032.mp3,
2,33,2330,https://server7.mp3quran.net/basit/033.mp3,
2,34,1700,https://server7.mp3quran.net/basit/034.mp3,
2,35,1450,https://server7.mp3quran.net/basit/035.mp3,
2,36,2650,https://server7.mp3quran.net/basit/036.mp3,
2,37,5740,https://server7.mp3quran.net/basit/037.mp3,
2,38,2770,https://server7.mp3quran.net/basit/038.mp3,
2,39,2390,https://server7.mp3quran.net/basit/039.mp3,
2,40,2710,https://server7.mp3quran.net/basit/040.mp3,
2,41,1700,https://server7.mp3quran.net/basit/041.mp3,
2,42,1700,https://server7.mp3quran.net/basit/042.mp3,
2,43,2840,https://server7.mp3quran.net/basit/043.mp3,
2,44,1890,https://server7.mp3quran.net/basit/044.mp3,
2,45,1200,https://server7.mp3quran.net/basit/045.mp3,
2,46,1130,https://server7.mp3quran.net/basit/046.mp3,
2,47,1200,https://server7.mp3quran.net/basit/047.mp3,
2,48,950,https://server7.mp3quran.net/basit/048.mp3,
2,49,570,https://server7.mp3quran.net/basit/049.mp3,
2,50,1450,https://server7.mp3quran.net/basit/050.mp3,
2,51,1890,https://server7.mp3quran.net/basit/051.mp3,
2,52,1580,https://server7.mp3quran.net/basit/052.mp3,
2,53,1950,https://server7.mp3quran.net/basit/053.mp3,
2,54,1760,https://server7.mp3quran.net/basit/054.mp3,
2,55,2460,https://server7.mp3quran.net/basit/055.mp3,
2,56,3020,https://server7.mp3quran.net/basit/056.mp3,
2,57,950,https://server7.mp3quran.net/basit/057.mp3,
2,58,690,https://server7.mp3quran.net/basit/058.mp3,
2,59,760,https://server7.mp3quran.net/basit/059.mp3,
2,60,440,https://server7.mp3quran.net/basit/060.mp3,
2,61,440,https://server7.mp3quran.net/basit/061.mp3,
2,62,380,https://server7.mp3quran.net/basit/062.mp3,
2,63,380,https://server7.mp3quran.net/basit/063.mp3,
2,64,570,https://server7.mp3quran.net/basit/064.mp3,
2,65,380,https://server7.mp3quran.net/basit/065.mp3,
2,66,380,https://server7.mp3quran.net/basit/066.mp3,
2,67,950,https://server7.mp3quran.net/basit/067.mp3,
2,68,1640,https://server7.mp3quran.net/basit/068.mp3,
2,69,1640,https://server7.mp3quran.net/basit/069.mp3,
2,70,1390,https://server7.mp3quran.net/basit/070.mp3,
2,71,880,https://server7.mp3quran.net/basit/071.mp3,
2,72,880,https://server7.mp3quran.net/basit/072.mp3,
2,73,630,https://server7.mp3quran.net/basit/073.mp3,
2,74,1760,https://server7.mp3quran.net/basit/074.mp3,
2,75,1260,https://server7.mp3quran.net/basit/075.mp3,
2,76,1010,https://server7.mp3quran.net/basit/076.mp3,
2,77,1580,https://server7.mp3quran.net/basit/077.mp3,
2,78,1260,https://server7.mp3quran.net/basit/078.mp3,
2,79,1450,https://server7.mp3quran.net/basit/079.mp3,
2,80,1320,https://server7.mp3quran.net/basit/080.mp3,
2,81,950,https://server7.mp3quran.net/basit/081.mp3,
2,82,630,https://server7.mp3quran.net/basit/082.mp3,
2,83,1130,https://server7.mp3quran.net/basit/083.mp3,
2,84,820,https://server7.mp3quran.net/basit/084.mp3,
2,85,690,https://server7.mp3quran.net/basit/085.mp3,
2,86,570,https://server7.mp3quran.net/basit/086.mp3,
2,87,630,https://server7.mp3quran.net/basit/087.mp3,
2,88,820,https://server7.mp3quran.net/basit/088.mp3,
2,89,950,https://server7.mp3quran.net/basit/089.mp3,
2,90,630,https://server7.mp3quran.net/basit/090.mp3,
2,91,500,https://server7.mp3quran.net/basit/091.mp3,
2,92,690,https://server7.mp3quran.net/basit/092.mp3,
2,93,380,https://server7.mp3quran.net/basit/093.mp3,
2,94,250,https://server7.mp3quran.net/basit/094.mp3,
2,95,250,https://server7.mp3quran.net/basit/095.mp3,
2,96,630,https://server7.mp3quran.net/basit/096.mp3,
2,97,190,https://server7.mp3quran.net/basit/097.mp3,
2,98,250,https://server7.mp3quran.net/basit/098.mp3,
2,99,250,https://server7.mp3quran.net/basit/099.mp3,
2,100,380,https://server7.mp3quran.net/basit/100.mp3,
2,101,380,https://server7.mp3quran.net/basit/101.mp3,
2,102,250,https://server7.mp3quran.net/basit/102.mp3,
2,103,130,https://server7.mp3quran.net/basit/103.mp3,
2,104,310,https://server7.mp3quran.net/basit/104.mp3,
2,105,190,https://server7.mp3quran.net/basit/105.mp3,
2,106,130,https://server7.mp3quran.net/basit/106.mp3,
2,107,250,https://server7.mp3quran.net/basit/107.mp3,
2,108,130,https://server7.mp3quran.net/basit/108.mp3,
2,109,190,https://server7.mp3quran.net/basit/109.mp3,
2,110,130,https://server7.mp3quran.net/basit/110.mp3,
2,111,190,https://server7.mp3quran.net/basit/111.mp3,
2,112,130,https://server7.mp3quran.net/basit/112.mp3,
2,113,190,https://server7.mp3quran.net/basit/113.mp3,
2,114,190,https://server7.mp3quran.net/basit/114.mp3,
3,1,300,https://server7.mp3quran.net/shur/001.mp3,
3,2,300,https://server7.mp3quran.net/shur/002.mp3,
3,3,300,https://server7.mp3quran.net/shur/003.mp3,
3,4,300,https://server7.mp3quran.net/shur/004.mp3,
3,5,300,https://server7.mp3quran.net/shur/005.mp3,
3,6,300,https://server7.mp3quran.net/shur/006.mp3,
3,7,300,https://server7.mp3quran.net/shur/007.mp3,
3,8,300,https://server7.mp3quran.net/shur/008.mp3,
3,9,300,https://server7.mp3quran.net/shur/009.mp3,
3,10,300,https://server7.mp3quran.net/shur/010.mp3,
3,11,300,https://server7.mp3quran.net/shur/011.mp3,
3,12,300,https://server7.mp3quran.net/shur/012.mp3,
3,13,300,https://server7.mp3quran.net/shur/013.mp3,
3,14,300,https://server7.mp3quran.net/shur/014.mp3,
3,15,300,https://server7.mp3quran.net/shur/015.mp3,
3,16,300,https://server7.mp3quran.net/shur/016.mp3,
3,17,300,https://server7.mp3quran.net/shur/017.mp3,
3,18,300,https://server7.mp3quran.net/shur/018.mp3,
3,19,300,https://server7.mp3quran.net/shur/019.mp3,
3,20,300,https://server7.mp3quran.net/shur/020.mp3,
3,21,300,https://server7.mp3quran.net/shur/021.mp3,
3,22,300,https://server7.mp3quran.net/shur/022.mp3,
3,23,300,https://server7.mp3quran.net/shur/023.mp3,
3,24,300,https://server7.mp3quran.net/shur/024.mp3,
3,25,300,https://server7.mp3quran.net/shur/025.mp3,
3,26,300,https://server7.mp3quran.net/shur/026.mp3,
3,27,300,https://server7.mp3quran.net/shur/027.mp3,
3,28,300,https://server7.mp3quran.net/shur/028.mp3,
3,29,300,https://server7.mp3quran.net/shur/029.mp3,
3,30,300,https://server7.mp3quran.net/shur/030.mp3,
3,31,300,https://server7.mp3quran.net/shur/031.mp3,
3,32,300,https://server7.mp3quran.net/shur/032.mp3,
3,33,300,https://server7.mp3quran.net/shur/033.mp3,
3,34,300,https://server7.mp3quran.net/shur/034.mp3,
3,35,300,https://server7.mp3quran.net/shur/035.mp3,
3,36,300,https://server7.mp3quran.net/shur/036.mp3,
3,37,300,https://server7.mp3quran.net/shur/037.mp3,
3,38,300,https://server7.mp3quran.net/shur/038.mp3,
3,39,300,https://server7.mp3quran.net/shur/039.mp3,
3,40,300,https://server7.mp3quran.net/shur/040.mp3,
3,41,300,https://server7.mp3quran.net/shur/041.mp3,
3,42,300,https://server7.mp3quran.net/shur/042.mp3,
3,43,300,https://server7.mp3quran.net/shur/043.mp3,
3,44,300,https://server7.mp3quran.net/shur/044.mp3,
3,45,300,https://server7.mp3quran.net/shur/045.mp3,
3,46,300,https://server7.mp3quran.net/shur/046.mp3,
3,47,300,https://server7.mp3quran.net/shur/047.mp3,
3,48,300,https://server7.mp3quran.net/shur/048.mp3,
3,49,300,https://server7.mp3quran.net/shur/049.mp3,
3,50,300,https://server7.mp3quran.net/shur/050.mp3,
3,51,300,https://server7.mp3quran.net/shur/051.mp3,
3,52,300,https://server7.mp3quran.net/shur/052.mp3,
3,53,300,https://server7.mp3quran.net/shur/053.mp3,
3,54,300,https://server7.mp3quran.net/shur/054.mp3,
3,55,300,https://server7.mp3quran.net/shur/055.mp3,
3,56,300,https://server7.mp3quran.net/shur/056.mp3,
3,57,300,https://server7.mp3quran.net/shur/057.mp3,
3,58,300,https://server7.mp3quran.net/shur/058.mp3,
3,59,300,https://server7.mp3quran.net/shur/059.mp3,
3,60,300,https://server7.mp3quran.net/shur/060.mp3,
3,61,300,https://server7.mp3quran.net/shur/061.mp3,
3,62,300,https://server7.mp3quran.net/shur/062.mp3,
3,63,300,https://server7.mp3quran.net/shur/063.mp3,
3,64,300,https://server7.mp3quran.net/shur/064.mp3,
3,65,300,https://server7.mp3quran.net/shur/065.mp3,
3,66,300,https://server7.mp3quran.net/shur/066.mp3,
3,67,300,https://server7.mp3quran.net/shur/067.mp3,
3,68,300,https://server7.mp3quran.net/shur/068.mp3,
3,69,300,https://server7.mp3quran.net/shur/069.mp3,
3,70,300,https://server7.mp3quran.net/shur/070.mp3,
3,71,300,https://server7.mp3quran.net/shur/071.mp3,
3,72,300,https://server7.mp3quran.net/shur/072.mp3,
3,73,300,https://server7.mp3quran.net/shur/073.mp3,
3,74,300,https://server7.mp3quran.net/shur/074.mp3,
3,75,300,https://server7.mp3quran.net/shur/075.mp3,
3,76,300,https://server7.mp3quran.net/shur/076.mp3,
3,77,300,https://server7.mp3quran.net/shur/077.mp3,
3,78,300,https://server7.mp3quran.net/shur/078.mp3,
3,79,300,https://server7.mp3quran.net/shur/079.mp3,
3,80,300,https://server7.mp3quran.net/shur/080.mp3,
3,81,300,https://server7.mp3quran.net/shur/081.mp3,
3,82,300,https://server7.mp3quran.net/shur/082.mp3,
3,83,300,https://server7.mp3quran.net/shur/083.mp3,
3,84,300,https://server7.mp3quran.net/shur/084.mp3,
3,85,300,https://server7.mp3quran.net/shur/085.mp3,
3,86,300,https://server7.mp3quran.net/shur/086.mp3,
3,87,300,https://server7.mp3quran.net/shur/087.mp3,
3,88,300,https://server7.mp3quran.net/shur/088.mp3,
3,89,300,https://server7.mp3quran.net/shur/089.mp3,
3,90,300,https://server7.mp3quran.net/shur/090.mp3,
3,91,300,https://server7.mp3quran.net/shur/091.mp3,
3,92,300,https://server7.mp3quran.net/shur/092.mp3,
3,93,300,https://server7.mp3quran.net/shur/093.mp3,
3,94,300,https://server7.mp3quran.net/shur/094.mp3,
3,95,300,https://server7.mp3quran.net/shur/095.mp3,
3,96,300,https://server7.mp3quran.net/shur/096.mp3,
3,97,300,https://server7.mp3quran.net/shur/097.mp3,
3,98,300,https://server7.mp3quran.net/shur/098.mp3,
3,99,300,https://server7.mp3quran.net/shur/099.mp3,
3,100,300,https://server7.mp3quran.net/shur/100.mp3,
3,101,300,https://server7.mp3quran.net/shur/101.mp3,
3,102,300,https://server7.mp3quran.net/shur/102.mp3,
3,103,300,https://server7.mp3quran.net/shur/103.mp3,
3,104,300,https://server7.mp3quran.net/shur/104.mp3,
3,105,300,https://server7.mp3quran.net/shur/105.mp3,
3,106,300,https://server7.mp3quran.net/shur/106.mp3,
3,107,300,https://server7.mp3quran.net/shur/107.mp3,
3,108,300,https://server7.mp3quran.net/shur/108.mp3,
3,109,300,https://server7.mp3quran.net/shur/109.mp3,
3,110,300,https://server7.mp3quran.net/shur/110.mp3,
3,111,300,https://server7.mp3quran.net/shur/111.mp3,
3,112,300,https://server7.mp3quran.net/shur/112.mp3,
3,113,300,https://server7.mp3quran.net/shur/113.mp3,
3,114,300,https://server7.mp3quran.net/shur/114.mp3,
4,1,300,https://server11.mp3quran.net/sds/001.mp3,
4,2,300,https://server11.mp3quran.net/sds/002.mp3,
4,3,300,https://server11.mp3quran.net/sds/003.mp3,
4,4,300,https://server11.mp3quran.net/sds/004.mp3,
4,5,300,https://server11.mp3quran.net/sds/005.mp3,
4,6,300,https://server11.mp3quran.net/sds/006.mp3,
4,7,300,https://server11.mp3quran.net/sds/007.mp3,
4,8,300,https://server11.mp3quran.net/sds/008.mp3,
4,9,300,https://server11.mp3quran.net/sds/009.mp3,
4,10,300,https://server11.mp3quran.net/sds/010.mp3,
4,11,300,https://server11.mp3quran.net/sds/011.mp3,
4,12,300,https://server11.mp3quran.net/sds/012.mp3,
4,13,300,https://server11.mp3quran.net/sds/013.mp3,
4,14,300,https://server11.mp3quran.net/sds/014.mp3,
4,15,300,https://server11.mp3quran.net/sds/015.mp3,
4,16,300,https://server11.mp3quran.net/sds/016.mp3,
4,17,300,https://server11.mp3quran.net/sds/017.mp3,
4,18,300,https://server11.mp3quran.net/sds/018.mp3,
4,19,300,https://server11.mp3quran.net/sds/019.mp3,
4,20,300,https://server11.mp3quran.net/sds/020.mp3,
4,21,300,https://server11.mp3quran.net/sds/021.mp3,
4,22,300,https://server11.mp3quran.net/sds/022.mp3,
4,23,300,https://server11.mp3quran.net/sds/023.mp3,
4,24,300,https://server11.mp3quran.net/sds/024.mp3,
4,25,300,https://server11.mp3quran.net/sds/025.mp3,
4,26,300,https://server11.mp3quran.net/sds/026.mp3,
4,27,300,https://server11.mp3quran.net/sds/027.mp3,
4,28,300,https://server11.mp3quran.net/sds/028.mp3,
4,29,300,https://server11.mp3quran.net/sds/029.mp3,
4,30,300,https://server11.mp3quran.net/sds/030.mp3,
4,31,300,https://server11.mp3quran.net/sds/031.mp3,
4,32,300,https://server11.mp3quran.net/sds/032.mp3,
4,33,300,https://server11.mp3quran.net/sds/033.mp3,
4,34,300,https://server11.mp3quran.net/sds/034.mp3,
4,35,300,https://server11.mp3quran.net/sds/035.mp3,
4,36,300,https://server11.mp3quran.net/sds/036.mp3,
4,37,300,https://server11.mp3quran.net/sds/037.mp3,
4,38,300,https://server11.mp3quran.net/sds/038.mp3,
4,39,300,https://server11.mp3quran.net/sds/039.mp3,
4,40,300,https://server11.mp3quran.net/sds/040.mp3,
4,41,300,https://server11.mp3quran.net/sds/041.mp3,
4,42,300,https://server11.mp3quran.net/sds/042.mp3,
4,43,300,https://server11.mp3quran.net/sds/043.mp3,
4,44,300,https://server11.mp3quran.net/sds/044.mp3,
4,45,300,https://server11.mp3quran.net/sds/045.mp3,
4,46,300,https://server11.mp3quran.net/sds/046.mp3,
4,47,300,https://server11.mp3quran.net/sds/047.mp3,
4,48,300,https://server11.mp3quran.net/sds/048.mp3,
4,49,300,https://server11.mp3quran.net/sds/049.mp3,
4,50,300,https://server11.mp3quran.net/sds/050.mp3,
4,51,300,https://server11.mp3quran.net/sds/051.mp3,
4,52,300,https://server11.mp3quran.net/sds/052.mp3,
4,53,300,https://server11.mp3quran.net/sds/053.mp3,
4,54,300,https://server11.mp3quran.net/sds/054.mp3,
4,55,300,https://server11.mp3quran.net/sds/055.mp3,
4,56,300,https://server11.mp3quran.net/sds/056.mp3,
4,57,300,https://server11.mp3quran.net/sds/057.mp3,
4,58,300,https://server11.mp3quran.net/sds/058.mp3,
4,59,300,https://server11.mp3quran.net/sds/059.mp3,
4,60,300,https://server11.mp3quran.net/sds/060.mp3,
4,61,300,https://server11.mp3quran.net/sds/061.mp3,
4,62,300,https://server11.mp3quran.net/sds/062.mp3,
4,63,300,https://server11.mp3quran.net/sds/063.mp3,
4,64,300,https://server11.mp3quran.net/sds/064.mp3,
4,65,300,https://server11.mp3quran.net/sds/065.mp3,
4,66,300,https://server11.mp3quran.net/sds/066.mp3,
4,67,300,https://server11.mp3quran.net/sds/067.mp3,
4,68,300,https://server11.mp3quran.net/sds/068.mp3,
4,69,300,https://server11.mp3quran.net/sds/069.mp3,
4,70,300,https://server11.mp3quran.net/sds/070.mp3,
4,71,300,https://server11.mp3quran.net/sds/071.mp3,
4,72,300,https://server11.mp3quran.net/sds/072.mp3,
4,73,300,https://server11.mp3quran.net/sds/073.mp3,
4,74,300,https://server11.mp3quran.net/sds/074.mp3,
4,75,300,https://server11.mp3quran.net/sds/075.mp3,
4,76,300,https://server11.mp3quran.net/sds/076.mp3,
4,77,300,https://server11.mp3quran.net/sds/077.mp3,
4,78,300,https://server11.mp3quran.net/sds/078.mp3,
4,79,300,https://server11.mp3quran.net/sds/079.mp3,
4,80,300,https://server11.mp3quran.net/sds/080.mp3,
4,81,300,https://server11.mp3quran.net/sds/081.mp3,
4,82,300,https://server11.mp3quran.net/sds/082.mp3,
4,83,300,https://server11.mp3quran.net/sds/083.mp3,
4,84,300,https://server11.mp3quran.net/sds/084.mp3,
4,85,300,https://server11.mp3quran.net/sds/085.mp3,
4,86,300,https://server11.mp3quran.net/sds/086.mp3,
4,87,300,https://server11.mp3quran.net/sds/087.mp3,
4,88,300,https://server11.mp3quran.net/sds/088.mp3,
4,89,300,https://server11.mp3quran.net/sds/089.mp3,
4,90,300,https://server11.mp3quran.net/sds/090.mp3,
4,91,300,https://server11.mp3quran.net/sds/091.mp3,
4,92,300,https://server11.mp3quran.net/sds/092.mp3,
4,93,300,https://server11.mp3quran.net/sds/093.mp3,
4,94,300,https://server11.mp3quran.net/sds/094.mp3,
4,95,300,https://server11.mp3quran.net/sds/095.mp3,
4,96,300,https://server11.mp3quran.net/sds/096.mp3,
4,97,300,https://server11.mp3quran.net/sds/097.mp3,
4,98,300,https://server11.mp3quran.net/sds/098.mp3,
4,99,300,https://server11.mp3quran.net/sds/099.mp3,
4,100,300,https://server11.mp3quran.net/sds/100.mp3,
4,101,300,https://server11.mp3quran.net/sds/101.mp3,
4,102,300,https://server11.mp3quran.net/sds/102.mp3,
4,103,300,https://server11.mp3quran.net/sds/103.mp3,
4,104,300,https://server11.mp3quran.net/sds/104.mp3,
4,105,300,https://server11.mp3quran.net/sds/105.mp3,
4,106,300,https://server11.mp3quran.net/sds/106.mp3,
4,107,300,https://server11.mp3quran.net/sds/107.mp3,
4,108,300,https://server11.mp3quran.net/sds/108.mp3,
4,109,300,https://server11.mp3quran.net/sds/109.mp3,
4,110,300,https://server11.mp3quran.net/sds/110.mp3,
4,111,300,https://server11.mp3quran.net/sds/111.mp3,
4,112,300,https://server11.mp3quran.net/sds/112.mp3,
4,113,300,https://server11.mp3quran.net/sds/113.mp3,
4,114,300,https://server11.mp3quran.net/sds/114.mp3,
5,1,300,https://server12.mp3quran.net/maher/001.mp3,
5,2,300,https://server12.mp3quran.net/maher/002.mp3,
5,3,300,https://server12.mp3quran.net/maher/003.mp3,
5,4,300,https://server12.mp3quran.net/maher/004.mp3,
5,5,300,https://server12.mp3quran.net/maher/005.mp3,
5,6,300,https://server12.mp3quran.net/maher/006.mp3,
5,7,300,https://server12.mp3quran.net/maher/007.mp3,
5,8,300,https://server12.mp3quran.net/maher/008.mp3,
5,9,300,https://server12.mp3quran.net/maher/009.mp3,
5,10,300,https://server12.mp3quran.net/maher/010.mp3,
5,11,300,https://server12.mp3quran.net/maher/011.mp3,
5,12,300,https://server12.mp3quran.net/maher/012.mp3,
5,13,300,https://server12.mp3quran.net/maher/013.mp3,
5,14,300,https://server12.mp3quran.net/maher/014.mp3,
5,15,300,https://server12.mp3quran.net/maher/015.mp3,
5,16,300,https://server12.mp3quran.net/maher/016.mp3,
5,17,300,https://server12.mp3quran.net/maher/017.mp3,
5,18,300,https://server12.mp3quran.net/maher/018.mp3,
5,19,300,https://server12.mp3quran.net/maher/019.mp3,
5,20,300,https://server12.mp3quran.net/maher/020.mp3,
5,21,300,https://server12.mp3quran.net/maher/021.mp3,
5,22,300,https://server12.mp3quran.net/maher/022.mp3,
5,23,300,https://server12.mp3quran.net/maher/023.mp3,
5,24,300,https://server12.mp3quran.net/maher/024.mp3,
5,25,300,https://server12.mp3quran.net/maher/025.mp3,
5,26,300,https://server12.mp3quran.net/maher/026.mp3,
5,27,300,https://server12.mp3quran.net/maher/027.mp3,
5,28,300,https://server12.mp3quran.net/maher/028.mp3,
5,29,300,https://server12.mp3quran.net/maher/029.mp3,
5,30,300,https://server12.mp3quran.net/maher/030.mp3,
5,31,300,https://server12.mp3quran.net/maher/031.mp3,
5,32,300,https://server12.mp3quran.net/maher/032.mp3,
5,33,300,https://server12.mp3quran.net/maher/033.mp3,
5,34,300,https://server12.mp3quran.net/maher/034.mp3,
5,35,300,https://server12.mp3quran.net/maher/035.mp3,
5,36,300,https://server12.mp3quran.net/maher/036.mp3,
5,37,300,https://server12.mp3quran.net/maher/037.mp3,
5,38,300,https://server12.mp3quran.net/maher/038.mp3,
5,39,300,https://server12.mp3quran.net/maher/039.mp3,
5,40,300,https://server12.mp3quran.net/maher/040.mp3,
5,41,300,https://server12.mp3quran.net/maher/041.mp3,
5,42,300,https://server12.mp3quran.net/maher/042.mp3,
5,43,300,https://server12.mp3quran.net/maher/043.mp3,
5,44,300,https://server12.mp3quran.net/maher/044.mp3,
5,45,300,https://server12.mp3quran.net/maher/045.mp3,
5,46,300,https://server12.mp3quran.net/maher/046.mp3,
5,47,300,https://server12.mp3quran.net/maher/047.mp3,
5,48,300,https://server12.mp3quran.net/maher/048.mp3,
5,49,300,https://server12.mp3quran.net/maher/049.mp3,
5,50,300,https://server12.mp3quran.net/maher/050.mp3,
5,51,300,https://server12.mp3quran.net/maher/051.mp3,
5,52,300,https://server12.mp3quran.net/maher/052.mp3,
5,53,300,https://server12.mp3quran.net/maher/053.mp3,
5,54,300,https://server12.mp3quran.net/maher/054.mp3,
5,55,300,https://server12.mp3quran.net/maher/055.mp3,
5,56,300,https://server12.mp3quran.net/maher/056.mp3,
5,57,300,https://server12.mp3quran.net/maher/057.mp3,
5,58,300,https://server12.mp3quran.net/maher/058.mp3,
5,59,300,https://server12.mp3quran.net/maher/059.mp3,
5,60,300,https://server12.mp3quran.net/maher/060.mp3,
5,61,300,https://server12.mp3quran.net/maher/061.mp3,
5,62,300,https://server12.mp3quran.net/maher/062.mp3,
5,63,300,https://server12.mp3quran.net/maher/063.mp3,
5,64,300,https://server12.mp3quran.net/maher/064.mp3,
5,65,300,https://server12.mp3quran.net/maher/065.mp3,
5,66,300,https://server12.mp3quran.net/maher/066.mp3,
5,67,300,https://server12.mp3quran.net/maher/067.mp3,
5,68,300,https://server12.mp3quran.net/maher/068.mp3,
5,69,300,https://server12.mp3quran.net/maher/069.mp3,
5,70,300,https://server12.mp3quran.net/maher/070.mp3,
5,71,300,https://server12.mp3quran.net/maher/071.mp3,
5,72,300,https://server12.mp3quran.net/maher/072.mp3,
5,73,300,https://server12.mp3quran.net/maher/073.mp3,
5,74,300,https://server12.mp3quran.net/maher/074.mp3,
5,75,300,https://server12.mp3quran.net/maher/075.mp3,
5,76,300,https://server12.mp3quran.net/maher/076.mp3,
5,77,300,https://server12.mp3quran.net/maher/077.mp3,
5,78,300,https://server12.mp3quran.net/maher/078.mp3,
5,79,300,https://server12.mp3quran.net/maher/079.mp3,
5,80,300,https://server12.mp3quran.net/maher/080.mp3,
5,81,300,https://server12.mp3quran.net/maher/081.mp3,
5,82,300,https://server12.mp3quran.net/maher/082.mp3,
5,83,300,https://server12.mp3quran.net/maher/083.mp3,
5,84,300,https://server12.mp3quran.net/maher/084.mp3,
5,85,300,https://server12.mp3quran.net/maher/085.mp3,
5,86,300,https://server12.mp3quran.net/maher/086.mp3,
5,87,300,https://server12.mp3quran.net/maher/087.mp3,
5,88,300,https://server12.mp3quran.net/maher/088.mp3,
5,89,300,https://server12.mp3quran.net/maher/089.mp3,
5,90,300,https://server12.mp3quran.net/maher/090.mp3,
5,91,300,https://server12.mp3quran.net/maher/091.mp3,
5,92,300,https://server12.mp3quran.net/maher/092.mp3,
5,93,300,https://server12.mp3quran.net/maher/093.mp3,
5,94,300,https://server12.mp3quran.net/maher/094.mp3,
5,95,300,https://server12.mp3quran.net/maher/095.mp3,
5,96,300,https://server12.mp3quran.net/maher/096.mp3,
5,97,300,https://server12.mp3quran.net/maher/097.mp3,
5,98,300,https://server12.mp3quran.net/maher/098.mp3,
5,99,300,https://server12.mp3quran.net/maher/099.mp3,
5,100,300,https://server12.mp3quran.net/maher/100.mp3,
5,101,300,https://server12.mp3quran.net/maher/101.mp3,
5,102,300,https://server12.mp3quran.net/maher/102.mp3,
5,103,300,https://server12.mp3quran.net/maher/103.mp3,
5,104,300,https://server12.mp3quran.net/maher/104.mp3,
5,105,300,https://server12.mp3quran.net/maher/105.mp3,
5,106,300,https://server12.mp3quran.net/maher/106.mp3,
5,107,300,https://server12.mp3quran.net/maher/107.mp3,
5,108,300,https://server12.mp3quran.net/maher/108.mp3,
5,109,300,https://server12.mp3quran.net/maher/109.mp3,
5,110,300,https://server12.mp3quran.net/maher/110.mp3,
5,111,300,https://server12.mp3quran.net/maher/111.mp3,
5,112,300,https://server12.mp3quran.net/maher/112.mp3,
5,113,300,https://server12.mp3quran.net/maher/113.mp3,
5,114,300,https://server12.mp3quran.net/maher/114.mp3,
