reciteurId,sourateNumero,duree,urlWeb,pathLocal,fbMessageId,partNumber
6,1,0,messenger://m_IYQwk4Vv0hZvGfq5yD7pBblP24bdER2NQkLcGokgtWM13j3ilelnyHx-SUhFnZmIGmgTNRtrbaG5DxdnfJGgdg,,m_IYQwk4Vv0hZvGfq5yD7pBblP24bdER2NQkLcGokgtWM13j3ilelnyHx-SUhFnZmIGmgTNRtrbaG5DxdnfJGgdg,1
6,2,0,messenger://m_E1IJi8Z1UyjtCD56x8ZnprlP24bdER2NQkLcGokgtWMa7vVZrVPE2-8KFw_712n1QupNfhlpYKCVWYJ5crrXow,,m_E1IJi8Z1UyjtCD56x8ZnprlP24bdER2NQkLcGokgtWMa7vVZrVPE2-8KFw_712n1QupNfhlpYKCVWYJ5crrXow,1
6,2,0,messenger://m_cppO5TAZevgdU_2dPrTGT7lP24bdER2NQkLcGokgtWN2Udg23j1U2ApnrvAUeSD3QG-bIXtJw-sldqZYvo9htQ,,m_cppO5TAZevgdU_2dPrTGT7lP24bdER2NQkLcGokgtWN2Udg23j1U2ApnrvAUeSD3QG-bIXtJw-sldqZYvo9htQ,2
6,2,0,messenger://m_oA1uWLYhDfjbkKyLMvbMP7lP24bdER2NQkLcGokgtWN8yU-mLcztw51NmVxsfbskOkLJSB_6iYeqNYtrefaXow,,m_oA1uWLYhDfjbkKyLMvbMP7lP24bdER2NQkLcGokgtWN8yU-mLcztw51NmVxsfbskOkLJSB_6iYeqNYtrefaXow,3
6,3,0,messenger://m_8XMvVbEQNi9TzGih6tcZTblP24bdER2NQkLcGokgtWOsLG5yqOmkoEm6TEoxY0nSErlJR7JaMNDqcafTArMukA,,m_8XMvVbEQNi9TzGih6tcZTblP24bdER2NQkLcGokgtWOsLG5yqOmkoEm6TEoxY0nSErlJR7JaMNDqcafTArMukA,1
6,3,0,messenger://m_qhxzoCKYFF4izc7kWlRVb7lP24bdER2NQkLcGokgtWMIL-qwWHIfWiYHvuT_foTwjte2LC_tl8Fp4uff6-YxCw,,m_qhxzoCKYFF4izc7kWlRVb7lP24bdER2NQkLcGokgtWMIL-qwWHIfWiYHvuT_foTwjte2LC_tl8Fp4uff6-YxCw,2
6,4,0,messenger://m_BksNkrwFGfTRVcma7dbkDrlP24bdER2NQkLcGokgtWM7w4DBQLZCnJ4ra94GLFLEVbWYvm3-HmnKC0nbRnfKUQ,,m_BksNkrwFGfTRVcma7dbkDrlP24bdER2NQkLcGokgtWM7w4DBQLZCnJ4ra94GLFLEVbWYvm3-HmnKC0nbRnfKUQ,1
6,4,0,messenger://m_-OI16Ge_JtGAryj3vfaDT7lP24bdER2NQkLcGokgtWOz7X4aSlEZq02Nhw37BH8HJ-3-v4dfWzOXXRt4lXlQcQ,,m_-OI16Ge_JtGAryj3vfaDT7lP24bdER2NQkLcGokgtWOz7X4aSlEZq02Nhw37BH8HJ-3-v4dfWzOXXRt4lXlQcQ,2
6,5,0,messenger://m_RjgvDk7pK3IHb3Xy_e3VgrlP24bdER2NQkLcGokgtWNzGfh7VnmQ3j1u4qjorSDFqQQKOcVYcFjctYMGY57NGA,,m_RjgvDk7pK3IHb3Xy_e3VgrlP24bdER2NQkLcGokgtWNzGfh7VnmQ3j1u4qjorSDFqQQKOcVYcFjctYMGY57NGA,1
6,5,0,messenger://m_XHh3nkOj12NECvCz9Zu1s7lP24bdER2NQkLcGokgtWMWAEjAWGCOPEDiufCVdK_Ipp27XwV27XW6XxiDvhDuVQ,,m_XHh3nkOj12NECvCz9Zu1s7lP24bdER2NQkLcGokgtWMWAEjAWGCOPEDiufCVdK_Ipp27XwV27XW6XxiDvhDuVQ,2
6,6,0,messenger://m_Jwf-PE5huyN-MRE1KDM7B7lP24bdER2NQkLcGokgtWNA1y9oTUqWxvBD5Czi_2svqdCL9dLNbch7GUKS09Bsbg,,m_Jwf-PE5huyN-MRE1KDM7B7lP24bdER2NQkLcGokgtWNA1y9oTUqWxvBD5Czi_2svqdCL9dLNbch7GUKS09Bsbg,1
6,6,0,messenger://m_mDH08xZ8QHOBeYdrcNXLhLlP24bdER2NQkLcGokgtWNXXV2aCZ1uLfAjb6hyLGEW31MmzhK44InkBzsKkB8r_Q,,m_mDH08xZ8QHOBeYdrcNXLhLlP24bdER2NQkLcGokgtWNXXV2aCZ1uLfAjb6hyLGEW31MmzhK44InkBzsKkB8r_Q,2
6,7,0,messenger://m_P-LBPXxy4pil03_RPkGEwblP24bdER2NQkLcGokgtWM8JYXynBqdvLnt5lTscLq_ZqPihYVtQhZtRYKkwghldw,,m_P-LBPXxy4pil03_RPkGEwblP24bdER2NQkLcGokgtWM8JYXynBqdvLnt5lTscLq_ZqPihYVtQhZtRYKkwghldw,1
6,7,0,messenger://m_WD4F3HWBcNmVT2fzXgJrcrlP24bdER2NQkLcGokgtWPut2-sE9keOzxX3i5NooVo-Stj_vCHaQooIvobEuYYMA,,m_WD4F3HWBcNmVT2fzXgJrcrlP24bdER2NQkLcGokgtWPut2-sE9keOzxX3i5NooVo-Stj_vCHaQooIvobEuYYMA,2
6,8,0,messenger://m_Kf4v5k1NtNPShZwlJcp5U7lP24bdER2NQkLcGokgtWO0qFDpkpYktcmfLqwyNKS5zCOsVocq-TflvqrBKOhxCQ,,m_Kf4v5k1NtNPShZwlJcp5U7lP24bdER2NQkLcGokgtWO0qFDpkpYktcmfLqwyNKS5zCOsVocq-TflvqrBKOhxCQ,1
6,9,0,messenger://m_HncuTdqCuVfWSe9a7gwJDrlP24bdER2NQkLcGokgtWMTeOh_DYTf_uMRXdD2MLvARxe4xIn7w9uyxnJRwV4SlA,,m_HncuTdqCuVfWSe9a7gwJDrlP24bdER2NQkLcGokgtWMTeOh_DYTf_uMRXdD2MLvARxe4xIn7w9uyxnJRwV4SlA,1
6,10,0,messenger://m_waqjSGLHC-wVkXaVX3qExblP24bdER2NQkLcGokgtWMba2UTWq5U1ODBIzIbxCgCg9a5k2goaMsvgFPBHV3cYQ,,m_waqjSGLHC-wVkXaVX3qExblP24bdER2NQkLcGokgtWMba2UTWq5U1ODBIzIbxCgCg9a5k2goaMsvgFPBHV3cYQ,1
6,11,0,messenger://m_k2cubPcL4JSiRYJO22e1hblP24bdER2NQkLcGokgtWO3J1HAUDXx3giC-p-Ry7N5bXcB-HBFlysDIICCjWSFvw,,m_k2cubPcL4JSiRYJO22e1hblP24bdER2NQkLcGokgtWO3J1HAUDXx3giC-p-Ry7N5bXcB-HBFlysDIICCjWSFvw,1
6,12,0,messenger://m_eDnsCQvjYlvM_sF9wViBArlP24bdER2NQkLcGokgtWNqsSWqiNDff0QM3hlgjI671SR8Iqv7ssDuvffT2UTm_Q,,m_eDnsCQvjYlvM_sF9wViBArlP24bdER2NQkLcGokgtWNqsSWqiNDff0QM3hlgjI671SR8Iqv7ssDuvffT2UTm_Q,1
6,13,0,messenger://m_QuPK13NgbgGEUdl1ZlGlfrlP24bdER2NQkLcGokgtWNcYGVJ51H-kQpIiJ0Gtk65BprQzNxUXF3unOL4AKBg8g,,m_QuPK13NgbgGEUdl1ZlGlfrlP24bdER2NQkLcGokgtWNcYGVJ51H-kQpIiJ0Gtk65BprQzNxUXF3unOL4AKBg8g,1
6,14,0,messenger://m_HIClMrls7FhrnvXTLEtrKrlP24bdER2NQkLcGokgtWP42brnrAPNceF-1pG_62Lnxig1h_0k0xu3-LuJlVK8qw,,m_HIClMrls7FhrnvXTLEtrKrlP24bdER2NQkLcGokgtWP42brnrAPNceF-1pG_62Lnxig1h_0k0xu3-LuJlVK8qw,1
6,15,0,messenger://m_fDzySdljF-UxKn5qBLSjbLlP24bdER2NQkLcGokgtWObxolEQRMGeghD_-yPZFPuqrmS0ipISYo8N_wWsuIdFQ,,m_fDzySdljF-UxKn5qBLSjbLlP24bdER2NQkLcGokgtWObxolEQRMGeghD_-yPZFPuqrmS0ipISYo8N_wWsuIdFQ,1
6,16,0,messenger://m_4oBPjdu9PlD9gJZku5xRjrlP24bdER2NQkLcGokgtWMNXUNzmUxV7MjAYh8WQ6r98aS6VC2D9lo45es3YwMl4A,,m_4oBPjdu9PlD9gJZku5xRjrlP24bdER2NQkLcGokgtWMNXUNzmUxV7MjAYh8WQ6r98aS6VC2D9lo45es3YwMl4A,1
6,17,0,messenger://m_Tf7Ka5ro9V92lMVox15KaLlP24bdER2NQkLcGokgtWPfi_bhtfYzcpwEVx4QxHbt1boaK_av8bgQ3Cp98JF-NQ,,m_Tf7Ka5ro9V92lMVox15KaLlP24bdER2NQkLcGokgtWPfi_bhtfYzcpwEVx4QxHbt1boaK_av8bgQ3Cp98JF-NQ,1
6,18,0,messenger://m_VQ2yFU0ezNjC5viC4A6n4LlP24bdER2NQkLcGokgtWMcOyw7mQToWF6_asqdOfcFSAj7Dpn9dNsemgE7-blF-Q,,m_VQ2yFU0ezNjC5viC4A6n4LlP24bdER2NQkLcGokgtWMcOyw7mQToWF6_asqdOfcFSAj7Dpn9dNsemgE7-blF-Q,1
6,19,0,messenger://m_6rbfwlH8v8tgZrN19ZmV4rlP24bdER2NQkLcGokgtWNfuuA0Dv7TqrkyaCsDwIaFkXIpNhmY8ko6rK1_nUHCpQ,,m_6rbfwlH8v8tgZrN19ZmV4rlP24bdER2NQkLcGokgtWNfuuA0Dv7TqrkyaCsDwIaFkXIpNhmY8ko6rK1_nUHCpQ,1
6,20,0,messenger://m_TljevIKWkzX-opigfNQE_rlP24bdER2NQkLcGokgtWOgjzaoxpiw78nxTTdUw44DFNCqVH41p6iuvVBpmGUktA,,m_TljevIKWkzX-opigfNQE_rlP24bdER2NQkLcGokgtWOgjzaoxpiw78nxTTdUw44DFNCqVH41p6iuvVBpmGUktA,1
6,21,0,messenger://m__NEy0xAr9-zOnnJodfd61blP24bdER2NQkLcGokgtWOvME_O6wLNnkm-D9Ii7h_4Uj8UU8U29-CzoyowN3-nIA,,m__NEy0xAr9-zOnnJodfd61blP24bdER2NQkLcGokgtWOvME_O6wLNnkm-D9Ii7h_4Uj8UU8U29-CzoyowN3-nIA,1
6,22,0,messenger://m_QBWXqEX8vFtCvC_WXW3LYblP24bdER2NQkLcGokgtWORrigv0KObcwbR4Wb1BF0qDjEHbmi-3LlFt4pH1AY5ug,,m_QBWXqEX8vFtCvC_WXW3LYblP24bdER2NQkLcGokgtWORrigv0KObcwbR4Wb1BF0qDjEHbmi-3LlFt4pH1AY5ug,1
6,23,0,messenger://m_pn4JcRrYAP7JzDsZineoaLlP24bdER2NQkLcGokgtWP0aaNZFck-gmt16mQ0GJgvXtAt1t-l5LvG3v2le8fd-Q,,m_pn4JcRrYAP7JzDsZineoaLlP24bdER2NQkLcGokgtWP0aaNZFck-gmt16mQ0GJgvXtAt1t-l5LvG3v2le8fd-Q,1
6,24,0,messenger://m_1JddV0Jrl53P-foNFaXsdblP24bdER2NQkLcGokgtWOZ6LHPm1lOvOa0tJqytaPDDzcYb2a2CTx8vmnqL9eb1g,,m_1JddV0Jrl53P-foNFaXsdblP24bdER2NQkLcGokgtWOZ6LHPm1lOvOa0tJqytaPDDzcYb2a2CTx8vmnqL9eb1g,1
6,25,0,messenger://m_5xuVekvUjxInvmCt8B7Q2blP24bdER2NQkLcGokgtWMWMlKkuT02MqSbvF-kHRmQLmF331QcV177xtdZgLEv2g,,m_5xuVekvUjxInvmCt8B7Q2blP24bdER2NQkLcGokgtWMWMlKkuT02MqSbvF-kHRmQLmF331QcV177xtdZgLEv2g,1
6,26,0,messenger://m_E1VfkUxoLUhSrnvkvC6nu7lP24bdER2NQkLcGokgtWNsLOfxKTaPdM7e6F7hwOFnEHTY99fEHtsiZqhgw9a_qw,,m_E1VfkUxoLUhSrnvkvC6nu7lP24bdER2NQkLcGokgtWNsLOfxKTaPdM7e6F7hwOFnEHTY99fEHtsiZqhgw9a_qw,1
6,27,0,messenger://m_JxPixywUFZ1fi2A1Mcxno7lP24bdER2NQkLcGokgtWN-VPIted8yCYT8ZrRR__k-FA6-Cz0l00CXfyvqQKkyQA,,m_JxPixywUFZ1fi2A1Mcxno7lP24bdER2NQkLcGokgtWN-VPIted8yCYT8ZrRR__k-FA6-Cz0l00CXfyvqQKkyQA,1
6,28,0,messenger://m_up5LfaIB_VtkeIBMcJuInLlP24bdER2NQkLcGokgtWMgaLvabZ6-QUGNdKewHyfNrnTybvri_qA30EIl7dCWmw,,m_up5LfaIB_VtkeIBMcJuInLlP24bdER2NQkLcGokgtWMgaLvabZ6-QUGNdKewHyfNrnTybvri_qA30EIl7dCWmw,1
6,29,0,messenger://m_71PmaXR5EYMlCZYjiGNYg7lP24bdER2NQkLcGokgtWO1DSeyrPM6KqLBnKodixmvSlghdLY26BF8dRFf2GRP0g,,m_71PmaXR5EYMlCZYjiGNYg7lP24bdER2NQkLcGokgtWO1DSeyrPM6KqLBnKodixmvSlghdLY26BF8dRFf2GRP0g,1
6,30,0,messenger://m_O6cUFE_yEINLcKRw9bLTfrlP24bdER2NQkLcGokgtWN96Zmufa8hXDa4fFY2Tf4y561XxnPXxVP5PkLGeujhzQ,,m_O6cUFE_yEINLcKRw9bLTfrlP24bdER2NQkLcGokgtWN96Zmufa8hXDa4fFY2Tf4y561XxnPXxVP5PkLGeujhzQ,1
6,31,0,messenger://m_KLfcb1fM7MLqK2L_pYU6MLlP24bdER2NQkLcGokgtWP4qpSnh1NpA-f2UBVPk2iUkAGLr75zSsYhWLPSRbXTHw,,m_KLfcb1fM7MLqK2L_pYU6MLlP24bdER2NQkLcGokgtWP4qpSnh1NpA-f2UBVPk2iUkAGLr75zSsYhWLPSRbXTHw,1
6,32,0,messenger://m_pSpINRDM2QQSnz2QghHIdLlP24bdER2NQkLcGokgtWPehof2jMx_YHQK44Qowi99SLqK-h9ay7mDLZ1mK_31wQ,,m_pSpINRDM2QQSnz2QghHIdLlP24bdER2NQkLcGokgtWPehof2jMx_YHQK44Qowi99SLqK-h9ay7mDLZ1mK_31wQ,1
6,33,0,messenger://m_VrT-U6PJCAesYAoG8_Ok6blP24bdER2NQkLcGokgtWPVB4CaezDbxUvwx2lN5gzWoqJzKWbuljmriJawoDvI0Q,,m_VrT-U6PJCAesYAoG8_Ok6blP24bdER2NQkLcGokgtWPVB4CaezDbxUvwx2lN5gzWoqJzKWbuljmriJawoDvI0Q,1
6,34,0,messenger://m_BPVLq7W3wRGmPhB4Qy8tBblP24bdER2NQkLcGokgtWN1aCnfw1dhyB5xvM9qxLA1NCWnQL41oGnBwHa2b_rxLA,,m_BPVLq7W3wRGmPhB4Qy8tBblP24bdER2NQkLcGokgtWN1aCnfw1dhyB5xvM9qxLA1NCWnQL41oGnBwHa2b_rxLA,1
6,35,0,messenger://m_iWK9pVPYrhg0PsgD_hSrVblP24bdER2NQkLcGokgtWPNEg9sLf3zf53G9cG3MiYYt_y41n10nxlMRnWKCm8mMg,,m_iWK9pVPYrhg0PsgD_hSrVblP24bdER2NQkLcGokgtWPNEg9sLf3zf53G9cG3MiYYt_y41n10nxlMRnWKCm8mMg,1
6,36,0,messenger://m_DNKXGLgaRm4m1QMqxLraO7lP24bdER2NQkLcGokgtWM89SqLyzx9J_hNOuadgAfEMFbQ_hGvmn9nc9fOImhYWg,,m_DNKXGLgaRm4m1QMqxLraO7lP24bdER2NQkLcGokgtWM89SqLyzx9J_hNOuadgAfEMFbQ_hGvmn9nc9fOImhYWg,1
6,37,0,messenger://m__ymEcUOh45r_CzlGvSE3-rlP24bdER2NQkLcGokgtWN5NtjwuMyW9giNKOU78aAXh7bhPeq_ctMupPIhS3pwOw,,m__ymEcUOh45r_CzlGvSE3-rlP24bdER2NQkLcGokgtWN5NtjwuMyW9giNKOU78aAXh7bhPeq_ctMupPIhS3pwOw,1
6,38,0,messenger://m_jAbue0XVb1UnE9RM_dlFHrlP24bdER2NQkLcGokgtWMfrjG_m-1pB5443qlvffGLxPAuVc_lCfx7BoNjBSY9Tw,,m_jAbue0XVb1UnE9RM_dlFHrlP24bdER2NQkLcGokgtWMfrjG_m-1pB5443qlvffGLxPAuVc_lCfx7BoNjBSY9Tw,1
6,39,0,messenger://m_Iy-6QCcwx6_WcRQGbukhOblP24bdER2NQkLcGokgtWN5D6jc-f9Qx0gN6GFEmnwZMW8SdZgP-S34uQmRz9g2eQ,,m_Iy-6QCcwx6_WcRQGbukhOblP24bdER2NQkLcGokgtWN5D6jc-f9Qx0gN6GFEmnwZMW8SdZgP-S34uQmRz9g2eQ,1
6,40,0,messenger://m_lW23jDhXd_B3sWOnZGRrKLlP24bdER2NQkLcGokgtWPRDofnJlWhJE_HkXl0ZY1iuu0U0GwqsnzCesHL3F4HfQ,,m_lW23jDhXd_B3sWOnZGRrKLlP24bdER2NQkLcGokgtWPRDofnJlWhJE_HkXl0ZY1iuu0U0GwqsnzCesHL3F4HfQ,1
6,41,0,messenger://m_M9vmdtneMTXy42hYG9oHqblP24bdER2NQkLcGokgtWMWGRoB_4AieGfsc2_mmhcSLLurY5z4Djwsxe_PhMmW9Q,,m_M9vmdtneMTXy42hYG9oHqblP24bdER2NQkLcGokgtWMWGRoB_4AieGfsc2_mmhcSLLurY5z4Djwsxe_PhMmW9Q,1
6,42,0,messenger://m_v2N9fWYl5Ei6x5Mcn_aSlLlP24bdER2NQkLcGokgtWN0ir0VR1Voe6NybLNV2wHMbnEy-RW48qPmXqm2XLGz8Q,,m_v2N9fWYl5Ei6x5Mcn_aSlLlP24bdER2NQkLcGokgtWN0ir0VR1Voe6NybLNV2wHMbnEy-RW48qPmXqm2XLGz8Q,1
6,43,0,messenger://m_8UTPSY_F7ubW4uDI7mxKTblP24bdER2NQkLcGokgtWPt7gyxIRtYtrjyCRbS8YBO3MWuXqR2EhWuDixnAtGz2Q,,m_8UTPSY_F7ubW4uDI7mxKTblP24bdER2NQkLcGokgtWPt7gyxIRtYtrjyCRbS8YBO3MWuXqR2EhWuDixnAtGz2Q,1
6,44,0,messenger://m_ZuEAa7oDkHoQ84L8IuPziblP24bdER2NQkLcGokgtWMmzXX5Iyk0M37ZiKfUKHjlLjoM1YZCZ1DZmU-et9k2vw,,m_ZuEAa7oDkHoQ84L8IuPziblP24bdER2NQkLcGokgtWMmzXX5Iyk0M37ZiKfUKHjlLjoM1YZCZ1DZmU-et9k2vw,1
6,45,0,messenger://m_-fvdobv4YoyakRH2CrJmbrlP24bdER2NQkLcGokgtWOQ36l_MUz-pGyUVTYtNysAT4TYOZfV92HmeUbG56NTsg,,m_-fvdobv4YoyakRH2CrJmbrlP24bdER2NQkLcGokgtWOQ36l_MUz-pGyUVTYtNysAT4TYOZfV92HmeUbG56NTsg,1
6,46,0,messenger://m_0aXsxaYXcYpmEf82KZd7e7lP24bdER2NQkLcGokgtWPvNHUHFy8u_k_EYzERT_9qFbZU5kxw1q1ZBiesm26VlA,,m_0aXsxaYXcYpmEf82KZd7e7lP24bdER2NQkLcGokgtWPvNHUHFy8u_k_EYzERT_9qFbZU5kxw1q1ZBiesm26VlA,1
6,47,0,messenger://m_ntXLMgD-yRAPzzsdyVWMf7lP24bdER2NQkLcGokgtWNiRD5iO_JL2HyAzk_P0YuZwIdDushFRYRCh1XYk5mVgA,,m_ntXLMgD-yRAPzzsdyVWMf7lP24bdER2NQkLcGokgtWNiRD5iO_JL2HyAzk_P0YuZwIdDushFRYRCh1XYk5mVgA,1
6,48,0,messenger://m_T_h7e2eCF4CbT-4tLf5JzblP24bdER2NQkLcGokgtWMQvP3W94L_LIpGu7Yz8mir0eOetsqwgVVyTFPEa7KmfA,,m_T_h7e2eCF4CbT-4tLf5JzblP24bdER2NQkLcGokgtWMQvP3W94L_LIpGu7Yz8mir0eOetsqwgVVyTFPEa7KmfA,1
6,49,0,messenger://m_CP-dBfXJSg9JDQ8dvFzo47lP24bdER2NQkLcGokgtWNNOV_ao7Oc2FUA0s7W9AGAPIWgOImdl4YE_yeUAXe78g,,m_CP-dBfXJSg9JDQ8dvFzo47lP24bdER2NQkLcGokgtWNNOV_ao7Oc2FUA0s7W9AGAPIWgOImdl4YE_yeUAXe78g,1
6,50,0,messenger://m_dOdcFKCIun1Jwa0CH-6fZ7lP24bdER2NQkLcGokgtWNvSc51aQS3gkBFGW_v9DIraZ6DUr8DOEd6IneUnCkv6w,,m_dOdcFKCIun1Jwa0CH-6fZ7lP24bdER2NQkLcGokgtWNvSc51aQS3gkBFGW_v9DIraZ6DUr8DOEd6IneUnCkv6w,1
6,51,0,messenger://m_xwDbxAvEgLaAtDaUCorkbLlP24bdER2NQkLcGokgtWObhxN6qWFft-OL090qfgFzwcLtfVBA0gl4YXekuS9kHQ,,m_xwDbxAvEgLaAtDaUCorkbLlP24bdER2NQkLcGokgtWObhxN6qWFft-OL090qfgFzwcLtfVBA0gl4YXekuS9kHQ,1
6,52,0,messenger://m_UQ74_LDW1BTyVwlvGWuZablP24bdER2NQkLcGokgtWOZFH82w8lvoYhJgiG93DTuq0f6cI-JWxWMYgsKiDBJaA,,m_UQ74_LDW1BTyVwlvGWuZablP24bdER2NQkLcGokgtWOZFH82w8lvoYhJgiG93DTuq0f6cI-JWxWMYgsKiDBJaA,1
6,53,0,messenger://m_suuGY4oLIiS3F8s6CK5xZ7lP24bdER2NQkLcGokgtWNo5TDh9EVUh1Ip7TWAnS84Q_Xq1qd5toFT5bF5pKQ6GA,,m_suuGY4oLIiS3F8s6CK5xZ7lP24bdER2NQkLcGokgtWNo5TDh9EVUh1Ip7TWAnS84Q_Xq1qd5toFT5bF5pKQ6GA,1
6,54,0,messenger://m_P0Gde3WctJ2k80G0wHJxOblP24bdER2NQkLcGokgtWMU_4kIyjuHZi13bLaYXSkE3_MPwlSqnt0mJ5vUNqkOeQ,,m_P0Gde3WctJ2k80G0wHJxOblP24bdER2NQkLcGokgtWMU_4kIyjuHZi13bLaYXSkE3_MPwlSqnt0mJ5vUNqkOeQ,1
6,55,0,messenger://m_V9w2fibWOfS0evRpU2EGBLlP24bdER2NQkLcGokgtWMPk3MFWuP2bLGKMT0ORxlhCoODBAFYfSOyVa8-_ThJXw,,m_V9w2fibWOfS0evRpU2EGBLlP24bdER2NQkLcGokgtWMPk3MFWuP2bLGKMT0ORxlhCoODBAFYfSOyVa8-_ThJXw,1
6,56,0,messenger://m_GT-WO0dwprjAG7kYhAwBL7lP24bdER2NQkLcGokgtWNqgRxlFmggh-xlzbKFEapUVAONHcdy0JbVdtzroTXpeg,,m_GT-WO0dwprjAG7kYhAwBL7lP24bdER2NQkLcGokgtWNqgRxlFmggh-xlzbKFEapUVAONHcdy0JbVdtzroTXpeg,1
6,57,0,messenger://m_83L0TyT2Q2RRfyEs4OSU-7lP24bdER2NQkLcGokgtWOk4MaIc-EjQHNj5Ke30k3YabMw7SG8ynT3BDatqI4jfQ,,m_83L0TyT2Q2RRfyEs4OSU-7lP24bdER2NQkLcGokgtWOk4MaIc-EjQHNj5Ke30k3YabMw7SG8ynT3BDatqI4jfQ,1
6,58,0,messenger://m_0f7grIkfBEeebazGcQRvg7lP24bdER2NQkLcGokgtWMBCk_znYVCPnIJf10pWAITgrFcBkW-FjbGE4FUIKw5oA,,m_0f7grIkfBEeebazGcQRvg7lP24bdER2NQkLcGokgtWMBCk_znYVCPnIJf10pWAITgrFcBkW-FjbGE4FUIKw5oA,1
6,59,0,messenger://m_fo8vs1xWNFXmB2pXdTMVn7lP24bdER2NQkLcGokgtWMTHtHIEAd0onhFv21ftwf6sExPNQ3R5WF8HYMB1NTS1g,,m_fo8vs1xWNFXmB2pXdTMVn7lP24bdER2NQkLcGokgtWMTHtHIEAd0onhFv21ftwf6sExPNQ3R5WF8HYMB1NTS1g,1
6,60,0,messenger://m_Lb1B9lRr2NDJngcmIPhd-LlP24bdER2NQkLcGokgtWO_zmfA2S5GHPyUr8rBhsPw73BrDmlpIQhJTqtDlPdlYA,,m_Lb1B9lRr2NDJngcmIPhd-LlP24bdER2NQkLcGokgtWO_zmfA2S5GHPyUr8rBhsPw73BrDmlpIQhJTqtDlPdlYA,1
6,61,0,messenger://m_Ex1ZtPDpsGJMtZzYwz9P97lP24bdER2NQkLcGokgtWN_dHlQjs4_w0LoyG13Ev_hd6BVbwkviCDmVVplYIpEFA,,m_Ex1ZtPDpsGJMtZzYwz9P97lP24bdER2NQkLcGokgtWN_dHlQjs4_w0LoyG13Ev_hd6BVbwkviCDmVVplYIpEFA,1
6,62,0,messenger://m_gBcTt1aXoeOoGeY8mGCsVLlP24bdER2NQkLcGokgtWMtDMkIrICeiyIoh8NWXoTtDibgfMZwz_ActrG39uEHpA,,m_gBcTt1aXoeOoGeY8mGCsVLlP24bdER2NQkLcGokgtWMtDMkIrICeiyIoh8NWXoTtDibgfMZwz_ActrG39uEHpA,1
6,63,0,messenger://m_XBhE2yKOeZIQC7naSyMByLlP24bdER2NQkLcGokgtWP9vXy9XVIOJq-jCNBaXsF55WjISNOFoYg1Xa-cb46D5A,,m_XBhE2yKOeZIQC7naSyMByLlP24bdER2NQkLcGokgtWP9vXy9XVIOJq-jCNBaXsF55WjISNOFoYg1Xa-cb46D5A,1
6,64,0,messenger://m_AY5to2wz5quD3rRBa_M3gLlP24bdER2NQkLcGokgtWObF8UciZXEa1dT1LLHMvdUDAnM-0vCngKoqQjOVqbPTg,,m_AY5to2wz5quD3rRBa_M3gLlP24bdER2NQkLcGokgtWObF8UciZXEa1dT1LLHMvdUDAnM-0vCngKoqQjOVqbPTg,1
6,65,0,messenger://m_aL-GvC1qqFWg9A1MysAILLlP24bdER2NQkLcGokgtWPPmi-uCMsvK4TrE2Dx2BawQePI21feRaM-1OD6LODC9A,,m_aL-GvC1qqFWg9A1MysAILLlP24bdER2NQkLcGokgtWPPmi-uCMsvK4TrE2Dx2BawQePI21feRaM-1OD6LODC9A,1
6,66,0,messenger://m_wHUGCm_z26QQH8ScG65LtLlP24bdER2NQkLcGokgtWNKMwXvAVik9VI9kXYLO3HRV_UOP0pl3XO40b5tTTE00g,,m_wHUGCm_z26QQH8ScG65LtLlP24bdER2NQkLcGokgtWNKMwXvAVik9VI9kXYLO3HRV_UOP0pl3XO40b5tTTE00g,1
6,67,0,messenger://m_smCHUopW7yOqjbBO9cSkI7lP24bdER2NQkLcGokgtWP1Vw5-xp-UbkbK2K_nh84EaTc_aOBDVopnsu9x6h36mw,,m_smCHUopW7yOqjbBO9cSkI7lP24bdER2NQkLcGokgtWP1Vw5-xp-UbkbK2K_nh84EaTc_aOBDVopnsu9x6h36mw,1
6,68,0,messenger://m_-oJzhmmAffJQ0Ts5DD5tQrlP24bdER2NQkLcGokgtWOpU8cjqytqzGAM025vzzLks4S9BpTMB1hsxA5z7lJWog,,m_-oJzhmmAffJQ0Ts5DD5tQrlP24bdER2NQkLcGokgtWOpU8cjqytqzGAM025vzzLks4S9BpTMB1hsxA5z7lJWog,1
6,69,0,messenger://m_uetdXG4axiQ0L9HnabQjnrlP24bdER2NQkLcGokgtWNpqUEOvvTHHAXkk4EisvJPP38c8Jslc47HcjXNSvm31A,,m_uetdXG4axiQ0L9HnabQjnrlP24bdER2NQkLcGokgtWNpqUEOvvTHHAXkk4EisvJPP38c8Jslc47HcjXNSvm31A,1
6,70,0,messenger://m__eu7XUOuXfQu6wSIk_y5TrlP24bdER2NQkLcGokgtWOBOC4QvhmDlpD_jDSdbehWjsx422HIlmN0zQ7GVZLwjw,,m__eu7XUOuXfQu6wSIk_y5TrlP24bdER2NQkLcGokgtWOBOC4QvhmDlpD_jDSdbehWjsx422HIlmN0zQ7GVZLwjw,1
6,71,0,messenger://m_kEm-h44izqlbw21yHRaMzLlP24bdER2NQkLcGokgtWPmrsddsHRb4kv-fIdfAKKJbenxk0W4p6tey8GxhIXceA,,m_kEm-h44izqlbw21yHRaMzLlP24bdER2NQkLcGokgtWPmrsddsHRb4kv-fIdfAKKJbenxk0W4p6tey8GxhIXceA,1
6,72,0,messenger://m_mSHdfhcLP7PKV9Ct8WXXRrlP24bdER2NQkLcGokgtWNV8PjGYzdCPqeKXWF2tR-LGQTO7utlkxISc01ytzLixg,,m_mSHdfhcLP7PKV9Ct8WXXRrlP24bdER2NQkLcGokgtWNV8PjGYzdCPqeKXWF2tR-LGQTO7utlkxISc01ytzLixg,1
6,73,0,messenger://m_RtSkhipwgabQtP__6_IO9rlP24bdER2NQkLcGokgtWOKPshBj5uAX4dgLTylvXHvTIJh0J7ZTsHbQZBYJfDkSw,,m_RtSkhipwgabQtP__6_IO9rlP24bdER2NQkLcGokgtWOKPshBj5uAX4dgLTylvXHvTIJh0J7ZTsHbQZBYJfDkSw,1
6,74,0,messenger://m_DmkBC0vTx40r5A-N9tl-lrlP24bdER2NQkLcGokgtWMZZJQJHpFjjQ-7VTpwPgSd5eaf6O9JAO2PrwageZCrDA,,m_DmkBC0vTx40r5A-N9tl-lrlP24bdER2NQkLcGokgtWMZZJQJHpFjjQ-7VTpwPgSd5eaf6O9JAO2PrwageZCrDA,1
6,75,0,messenger://m_KbbSAYC4HNoEqQ7ZQ1S0n7lP24bdER2NQkLcGokgtWMlg3spSpWFBQWN86IfABnKeBhd9zo-424Fx0tg8wczrg,,m_KbbSAYC4HNoEqQ7ZQ1S0n7lP24bdER2NQkLcGokgtWMlg3spSpWFBQWN86IfABnKeBhd9zo-424Fx0tg8wczrg,1
6,76,0,messenger://m_Sk9g_jFOJjhJ8d3nkpFMSrlP24bdER2NQkLcGokgtWNtEOAlA-HnfOdOADMcwrsKHanGCkm4TCVwA9i1sMK4Qw,,m_Sk9g_jFOJjhJ8d3nkpFMSrlP24bdER2NQkLcGokgtWNtEOAlA-HnfOdOADMcwrsKHanGCkm4TCVwA9i1sMK4Qw,1
6,77,0,messenger://m_9u0C7kJDuOl_bY_wl-g8v7lP24bdER2NQkLcGokgtWMSRy7owpIPkwqpcXHk6gZFXhaJomlBLeMo4hdBepmdSw,,m_9u0C7kJDuOl_bY_wl-g8v7lP24bdER2NQkLcGokgtWMSRy7owpIPkwqpcXHk6gZFXhaJomlBLeMo4hdBepmdSw,1
6,78,0,messenger://m_PfRg9f7C76WhsUNlWm4g17lP24bdER2NQkLcGokgtWOqZ5pMmk2H8D8iEGIGQieunWgv5VuUgLj7WzyRkwlFVw,,m_PfRg9f7C76WhsUNlWm4g17lP24bdER2NQkLcGokgtWOqZ5pMmk2H8D8iEGIGQieunWgv5VuUgLj7WzyRkwlFVw,1
6,79,0,messenger://m_4HcJ_LG3_6SKpqhP0Ivjj7lP24bdER2NQkLcGokgtWO0tsque1X5aKLpgsVt6gjnMjKTyev2-GUjiPGGlUPBOQ,,m_4HcJ_LG3_6SKpqhP0Ivjj7lP24bdER2NQkLcGokgtWO0tsque1X5aKLpgsVt6gjnMjKTyev2-GUjiPGGlUPBOQ,1
6,80,0,messenger://m_cC7MOWGwlb008ox5wxqO5LlP24bdER2NQkLcGokgtWP5a3j_97qHPKjdoSUj_6Tw-geVCh2TenqC9ioC1B24Bw,,m_cC7MOWGwlb008ox5wxqO5LlP24bdER2NQkLcGokgtWP5a3j_97qHPKjdoSUj_6Tw-geVCh2TenqC9ioC1B24Bw,1
6,81,0,messenger://m_sUN0pCfP2o5aZi8xiIZ88blP24bdER2NQkLcGokgtWPl6EfxI8u7rSTyUPFBoT90boLPoJgLaNLgdohGUwXLng,,m_sUN0pCfP2o5aZi8xiIZ88blP24bdER2NQkLcGokgtWPl6EfxI8u7rSTyUPFBoT90boLPoJgLaNLgdohGUwXLng,1
6,82,0,messenger://m_Lv3CRGhgGAMGZdMvZkXo7blP24bdER2NQkLcGokgtWOA5d5qUID9u5_P96w2OMWdhjLnGiqmjeYECWIVVseKqA,,m_Lv3CRGhgGAMGZdMvZkXo7blP24bdER2NQkLcGokgtWOA5d5qUID9u5_P96w2OMWdhjLnGiqmjeYECWIVVseKqA,1
6,83,0,messenger://m_HY3V15vyccGBwrhYqSmDjblP24bdER2NQkLcGokgtWPGg6F6OhpLHds62wLbriKF7o-tlD7KlH4X253SvBg5Uw,,m_HY3V15vyccGBwrhYqSmDjblP24bdER2NQkLcGokgtWPGg6F6OhpLHds62wLbriKF7o-tlD7KlH4X253SvBg5Uw,1
6,85,0,messenger://m_Wi_l8xx8t7w6eZnbo7EuGLlP24bdER2NQkLcGokgtWPx0Li9ydMidXEwVCwWpu7VcS2o5sFdRas2rZxAUmlUiw,,m_Wi_l8xx8t7w6eZnbo7EuGLlP24bdER2NQkLcGokgtWPx0Li9ydMidXEwVCwWpu7VcS2o5sFdRas2rZxAUmlUiw,1
6,86,0,messenger://m_D0yzBphWK_UMm54rA5vktblP24bdER2NQkLcGokgtWPYPXRSKnR89lyUjMezJMH2pYMwm-w1-M5vz346KK0aDw,,m_D0yzBphWK_UMm54rA5vktblP24bdER2NQkLcGokgtWPYPXRSKnR89lyUjMezJMH2pYMwm-w1-M5vz346KK0aDw,1
6,87,0,messenger://m_fJhkjjH1mw--WjbQbPOSZLlP24bdER2NQkLcGokgtWM3hqxbULV3o6VhqOd2vSpzB3-bVe0HCOFRPh1lik_LiQ,,m_fJhkjjH1mw--WjbQbPOSZLlP24bdER2NQkLcGokgtWM3hqxbULV3o6VhqOd2vSpzB3-bVe0HCOFRPh1lik_LiQ,1
6,88,0,messenger://m_uJDmrLoV8JR7ofJwMCtGkLlP24bdER2NQkLcGokgtWOkrv6LT3kGU6yxwWm5J2Ta6KBIVZ6PEaJR5YKljtqYxg,,m_uJDmrLoV8JR7ofJwMCtGkLlP24bdER2NQkLcGokgtWOkrv6LT3kGU6yxwWm5J2Ta6KBIVZ6PEaJR5YKljtqYxg,1
6,89,0,messenger://m_VK36KtUwMKNojCJkPvo_-blP24bdER2NQkLcGokgtWPI7hfVylANPqxLqtpuVqGLyI_2366V-xicXzMZzPykww,,m_VK36KtUwMKNojCJkPvo_-blP24bdER2NQkLcGokgtWPI7hfVylANPqxLqtpuVqGLyI_2366V-xicXzMZzPykww,1
6,90,0,messenger://m_WIwy0tW5tQEjIJhLkPT6OblP24bdER2NQkLcGokgtWOL1g5VLRHXGAgYpvaTeM-vE0f3tNWtuBMvrdkKp84ldA,,m_WIwy0tW5tQEjIJhLkPT6OblP24bdER2NQkLcGokgtWOL1g5VLRHXGAgYpvaTeM-vE0f3tNWtuBMvrdkKp84ldA,1
6,91,0,messenger://m_FVW_6SAj3UNF5yL3O59o2LlP24bdER2NQkLcGokgtWMr9q9WoES5mZcapfC97j67Hg6bRQN9EJOymHLPl1sLQQ,,m_FVW_6SAj3UNF5yL3O59o2LlP24bdER2NQkLcGokgtWMr9q9WoES5mZcapfC97j67Hg6bRQN9EJOymHLPl1sLQQ,1
6,92,0,messenger://m_FbwQ18QrUjk-YT8rYj0A3blP24bdER2NQkLcGokgtWOFc021-ENWt0KbnmC9ubk3iI5RzURM1xL0ipWmGZGPrw,,m_FbwQ18QrUjk-YT8rYj0A3blP24bdER2NQkLcGokgtWOFc021-ENWt0KbnmC9ubk3iI5RzURM1xL0ipWmGZGPrw,1
6,93,0,messenger://m_it9ScTTzcJHxlr6f2sdIZLlP24bdER2NQkLcGokgtWPCGbicIo5_Z1zVKbUso7zaHtH2X0NR0lkGlTWaPEbieA,,m_it9ScTTzcJHxlr6f2sdIZLlP24bdER2NQkLcGokgtWPCGbicIo5_Z1zVKbUso7zaHtH2X0NR0lkGlTWaPEbieA,1
6,94,0,messenger://m_P6PLXcB3vna8Gzdc_cEdELlP24bdER2NQkLcGokgtWNg0e0cEvnDSSR6LGwhVRfJWJaf3xcjPlROLt9hiCdOeA,,m_P6PLXcB3vna8Gzdc_cEdELlP24bdER2NQkLcGokgtWNg0e0cEvnDSSR6LGwhVRfJWJaf3xcjPlROLt9hiCdOeA,1
6,95,0,messenger://m_jYotp9vA3EVBtMxHlILMtrlP24bdER2NQkLcGokgtWPjJ1_m26OaiGWx5riLESQ-A4Uj4eh1Z9LhmyqNDmpoLA,,m_jYotp9vA3EVBtMxHlILMtrlP24bdER2NQkLcGokgtWPjJ1_m26OaiGWx5riLESQ-A4Uj4eh1Z9LhmyqNDmpoLA,1
6,96,0,messenger://m__uqBO-ESPRhrA_fA8ZhDG7lP24bdER2NQkLcGokgtWNiqitNPYI3OWR9-j8nMM7hGeqfxq5rJnts14j774lB5Q,,m__uqBO-ESPRhrA_fA8ZhDG7lP24bdER2NQkLcGokgtWNiqitNPYI3OWR9-j8nMM7hGeqfxq5rJnts14j774lB5Q,1
6,97,0,messenger://m_QEYVPdjUCyFcvvftDwY587lP24bdER2NQkLcGokgtWPcOUd1haCGO56PvPSq9nrfDzi-aA0WqfYCgs6mx-sRUw,,m_QEYVPdjUCyFcvvftDwY587lP24bdER2NQkLcGokgtWPcOUd1haCGO56PvPSq9nrfDzi-aA0WqfYCgs6mx-sRUw,1
6,98,0,messenger://m_unABQt2__N1hRy2IeKd6NblP24bdER2NQkLcGokgtWN7lhdNKjRWYIfqxw7_ilczrQt9p2aIGk6aOkqBddt0QA,,m_unABQt2__N1hRy2IeKd6NblP24bdER2NQkLcGokgtWN7lhdNKjRWYIfqxw7_ilczrQt9p2aIGk6aOkqBddt0QA,1
6,99,0,messenger://m_VM7hLRmBDt-e7WLv7ahkD7lP24bdER2NQkLcGokgtWPFYnvZKEQxFEiF4XjKxzcRiuHio0DxhfR4XzND2Tlprw,,m_VM7hLRmBDt-e7WLv7ahkD7lP24bdER2NQkLcGokgtWPFYnvZKEQxFEiF4XjKxzcRiuHio0DxhfR4XzND2Tlprw,1
6,100,0,messenger://m_8D_HMlG-Jbf1pxKwfzWfaLlP24bdER2NQkLcGokgtWNbubH7xWL3iVy3Xo1Fwc5ZNQPbqrpCHV0eByk46Sj_9Q,,m_8D_HMlG-Jbf1pxKwfzWfaLlP24bdER2NQkLcGokgtWNbubH7xWL3iVy3Xo1Fwc5ZNQPbqrpCHV0eByk46Sj_9Q,1
6,101,0,messenger://m_E_1cJ00VDJeBVt1Bj9ZgarlP24bdER2NQkLcGokgtWNRIA68m9zxo7R1QbtaC0XxLJIHuIDR-80XTLTg6_f1NA,,m_E_1cJ00VDJeBVt1Bj9ZgarlP24bdER2NQkLcGokgtWNRIA68m9zxo7R1QbtaC0XxLJIHuIDR-80XTLTg6_f1NA,1
6,102,0,messenger://m_9a_Pvbl2HxMdcYHCA9uhwLlP24bdER2NQkLcGokgtWNMYTbu9LFWbxK6J2_0Pr9n2JJmyJN8Vv0_134hbzpFkA,,m_9a_Pvbl2HxMdcYHCA9uhwLlP24bdER2NQkLcGokgtWNMYTbu9LFWbxK6J2_0Pr9n2JJmyJN8Vv0_134hbzpFkA,1
6,103,0,messenger://m_uFed5TFpRr-p0ADvdPEzU7lP24bdER2NQkLcGokgtWNr48ac7hKtq21AaUgRo_3bWkBsastRSaXZpJppEj-WMQ,,m_uFed5TFpRr-p0ADvdPEzU7lP24bdER2NQkLcGokgtWNr48ac7hKtq21AaUgRo_3bWkBsastRSaXZpJppEj-WMQ,1
6,104,0,messenger://m_0rEPUw_4arc4zeQGkpoUnLlP24bdER2NQkLcGokgtWPmRvdpzn5AB_G7nRtwCLWd3yJdo3dieIO8yNcQ0rpUhw,,m_0rEPUw_4arc4zeQGkpoUnLlP24bdER2NQkLcGokgtWPmRvdpzn5AB_G7nRtwCLWd3yJdo3dieIO8yNcQ0rpUhw,1
6,105,0,messenger://m_q1hawGdy0hesfuqWEdm1I7lP24bdER2NQkLcGokgtWPU1G0cXZkJE3pdYkvcqLsPS6eWZXLkwUDfuNTAQXI_Lg,,m_q1hawGdy0hesfuqWEdm1I7lP24bdER2NQkLcGokgtWPU1G0cXZkJE3pdYkvcqLsPS6eWZXLkwUDfuNTAQXI_Lg,1
