reciteurId,sourateNumero,duree,urlWeb,pathLocal,fbMessageId,partNumber
1,1,52320,messenger://m_cw7PyYNu5ITNZAGYlmvnG7lP24bdER2NQkLcGokgtWP4_MCkof9aWAkK-7xuZUeO43zMgvBG18cUIjL7-p8XGQ,,m_cw7PyYNu5ITNZAGYlmvnG7lP24bdER2NQkLcGokgtWP4_MCkof9aWAkK-7xuZUeO43zMgvBG18cUIjL7-p8XGQ,1
1,2,2525400,messenger://m_s-pZelK2206fPI26RGPFh7lP24bdER2NQkLcGokgtWOmRhpksG5v8cH-tUpDiLqosR-Cauza404tLQstiYms8A,,m_s-pZelK2206fPI26RGPFh7lP24bdER2NQkLcGokgtWOmRhpksG5v8cH-tUpDiLqosR-Cauza404tLQstiYms8A,1
1,2,2525376,messenger://m_6Dqd_SvCRs-HXazqJtO-FrlP24bdER2NQkLcGokgtWNnfVJyMCcRZl1LgaqAqJcQ6AdQyf-d8byn-b3Ei5rg1g,,m_6Dqd_SvCRs-HXazqJtO-FrlP24bdER2NQkLcGokgtWNnfVJyMCcRZl1LgaqAqJcQ6AdQyf-d8byn-b3Ei5rg1g,2
1,2,2525352,messenger://m_TPWbIzaIJhDS6iPKO_T3p7lP24bdER2NQkLcGokgtWMWCT8eec49Xxqq8ZNHL_saHPImAlEE4e2U-tOimRst8Q,,m_TPWbIzaIJhDS6iPKO_T3p7lP24bdER2NQkLcGokgtWMWCT8eec49Xxqq8ZNHL_saHPImAlEE4e2U-tOimRst8Q,3
1,3,2362848,messenger://m_atdkqeRxa2bZCMCLvVZi1blP24bdER2NQkLcGokgtWPolFRNfiZrlE_6cuLnxPs6ZK4XZH65exY8HctzXsKFOg,,m_atdkqeRxa2bZCMCLvVZi1blP24bdER2NQkLcGokgtWPolFRNfiZrlE_6cuLnxPs6ZK4XZH65exY8HctzXsKFOg,1
1,3,2362800,messenger://m__OWVSPwGNrcXE1kBsHxKELlP24bdER2NQkLcGokgtWM6A_84V91TywWcwMRsRzFNd0oAwqQQGpcwnRQn74_bxA,,m__OWVSPwGNrcXE1kBsHxKELlP24bdER2NQkLcGokgtWM6A_84V91TywWcwMRsRzFNd0oAwqQQGpcwnRQn74_bxA,2
1,4,2398776,messenger://m_n_KwfESc5BKUjkJ-1bnz-7lP24bdER2NQkLcGokgtWN2ueR9NQwCykmVojoUXsVjxUMtUgt4z62ydNo-1Us7lA,,m_n_KwfESc5BKUjkJ-1bnz-7lP24bdER2NQkLcGokgtWN2ueR9NQwCykmVojoUXsVjxUMtUgt4z62ydNo-1Us7lA,1
1,4,2398728,messenger://m_6k5VQs_cNa8lBRFO698KcLlP24bdER2NQkLcGokgtWPRiPitS2hBImMJ3XOBAQTWrCYwTM_Apyw9m-egGbYIDQ,,m_6k5VQs_cNa8lBRFO698KcLlP24bdER2NQkLcGokgtWPRiPitS2hBImMJ3XOBAQTWrCYwTM_Apyw9m-egGbYIDQ,2
1,5,1890864,messenger://m_TLydbrHz1av9G26y3D38hrlP24bdER2NQkLcGokgtWN_W9E2UGqyNXPNqWS8wnoRrjNJyI39Qc6HuR2C3pbuAg,,m_TLydbrHz1av9G26y3D38hrlP24bdER2NQkLcGokgtWN_W9E2UGqyNXPNqWS8wnoRrjNJyI39Qc6HuR2C3pbuAg,1
1,5,1890816,messenger://m_IIrpqi9Gwb7ghR3JOO-f6LlP24bdER2NQkLcGokgtWPfo_qaZ7gBORIqmM1UxZjKt7sO0buj4L90JeP1_OMI6Q,,m_IIrpqi9Gwb7ghR3JOO-f6LlP24bdER2NQkLcGokgtWPfo_qaZ7gBORIqmM1UxZjKt7sO0buj4L90JeP1_OMI6Q,2
1,6,2175120,messenger://m_EoJAVnScc_35DfLKRigl-blP24bdER2NQkLcGokgtWPrY792Y08bxAgwaZ3wT0ZQCxcGazWkG-nW2OuheTIrPw,,m_EoJAVnScc_35DfLKRigl-blP24bdER2NQkLcGokgtWPrY792Y08bxAgwaZ3wT0ZQCxcGazWkG-nW2OuheTIrPw,1
1,6,2175072,messenger://m_kg0QdJcodffsqBRjFlrlG7lP24bdER2NQkLcGokgtWO_Sye60NNGTz-4qz_Ut7cX7EfYTRAp5hZdKA_2eEFWZQ,,m_kg0QdJcodffsqBRjFlrlG7lP24bdER2NQkLcGokgtWO_Sye60NNGTz-4qz_Ut7cX7EfYTRAp5hZdKA_2eEFWZQ,2
1,7,2497680,messenger://m_dOBBiGHGb9j5pHxQwWPIZrlP24bdER2NQkLcGokgtWP9sTLNtnap3xgpuzLiGbtQz0rG6CQj4f9_LPM2kRCjBQ,,m_dOBBiGHGb9j5pHxQwWPIZrlP24bdER2NQkLcGokgtWP9sTLNtnap3xgpuzLiGbtQz0rG6CQj4f9_LPM2kRCjBQ,1
1,7,2497632,messenger://m_ZVGM-4djar-9Mw6HGUDc3rlP24bdER2NQkLcGokgtWMZzuDjio-tk5AFtiSQqgmkO0eNG0ei30LxCcY3tE1oDQ,,m_ZVGM-4djar-9Mw6HGUDc3rlP24bdER2NQkLcGokgtWMZzuDjio-tk5AFtiSQqgmkO0eNG0ei30LxCcY3tE1oDQ,2
1,8,1838352,messenger://m_lwa0Cx8XB9xxNnDI6gS_UrlP24bdER2NQkLcGokgtWOsK-KgX6qmiS_O4slFv-byt8NXFaYt-EvDiFO9j3r9EA,,m_lwa0Cx8XB9xxNnDI6gS_UrlP24bdER2NQkLcGokgtWOsK-KgX6qmiS_O4slFv-byt8NXFaYt-EvDiFO9j3r9EA,1
1,9,1812384,messenger://m_V1uN81Lzknxi8ybi7JhLM7lP24bdER2NQkLcGokgtWObJLx6ejaY5KbRWhczvtmFPAHQWotokowKsyj2VkYzTg,,m_V1uN81Lzknxi8ybi7JhLM7lP24bdER2NQkLcGokgtWObJLx6ejaY5KbRWhczvtmFPAHQWotokowKsyj2VkYzTg,1
1,9,1812360,messenger://m_2hWbXYUBRgsZ5SDFTlPNb7lP24bdER2NQkLcGokgtWO3hybkn7E2ekm6x1nAk6TBDwrHmgMPpH3kxvHNY5frOA,,m_2hWbXYUBRgsZ5SDFTlPNb7lP24bdER2NQkLcGokgtWO3hybkn7E2ekm6x1nAk6TBDwrHmgMPpH3kxvHNY5frOA,2
1,10,2713032,messenger://m_KzbAj0DplD7vGSklYoOFHrlP24bdER2NQkLcGokgtWPFflBpllD_u6iXbPPt_nC6wiC4MHVZqsfWSbcFfY2o4g,,m_KzbAj0DplD7vGSklYoOFHrlP24bdER2NQkLcGokgtWPFflBpllD_u6iXbPPt_nC6wiC4MHVZqsfWSbcFfY2o4g,1
1,11,2786064,messenger://m_ax8s17nD1bEsdLu6ocCPSblP24bdER2NQkLcGokgtWMSvk1Lc3zmWMIIPnJhuMw4X3SBM1WO045hYktWBV7qwg,,m_ax8s17nD1bEsdLu6ocCPSblP24bdER2NQkLcGokgtWMSvk1Lc3zmWMIIPnJhuMw4X3SBM1WO045hYktWBV7qwg,1
1,12,2525280,messenger://m_LaYSkEMZxviDZ2c88QGKk7lP24bdER2NQkLcGokgtWMVYIYQlMaUA4NkTMeAbgRVpsh2YydzIsEegbDWLUSUOA,,m_LaYSkEMZxviDZ2c88QGKk7lP24bdER2NQkLcGokgtWMVYIYQlMaUA4NkTMeAbgRVpsh2YydzIsEegbDWLUSUOA,1
1,13,1231104,messenger://m_0TitJl4o5seBe5RvRClUY7lP24bdER2NQkLcGokgtWNTF39Juzx8yfLj-gGj2r4hYt_IuZaP0Z56jauM4jKZLw,,m_0TitJl4o5seBe5RvRClUY7lP24bdER2NQkLcGokgtWNTF39Juzx8yfLj-gGj2r4hYt_IuZaP0Z56jauM4jKZLw,1
1,14,1227572,messenger://m_Jz9Y70QNcPvGlY5zgTG7kblP24bdER2NQkLcGokgtWM40bDNVRaqjI8-o_uF6_En8klLu7y4MCHdJAkGUFiefg,,m_Jz9Y70QNcPvGlY5zgTG7kblP24bdER2NQkLcGokgtWM40bDNVRaqjI8-o_uF6_En8klLu7y4MCHdJAkGUFiefg,1
1,15,954984,messenger://m_y1tP6wmiJG3TlAabXaY3W7lP24bdER2NQkLcGokgtWMAFSaelxv_dHqjR1dbarizHed27Fc8B7kOaKyo4itOGg,,m_y1tP6wmiJG3TlAabXaY3W7lP24bdER2NQkLcGokgtWMAFSaelxv_dHqjR1dbarizHed27Fc8B7kOaKyo4itOGg,1
1,16,2543712,messenger://m_3sa_uVpc9f7XpXQ1eH6Cv7lP24bdER2NQkLcGokgtWOHt-mKFrmd3WwP8vqA1E9Yclx1IIio6yjXWcbb9_99qQ,,m_3sa_uVpc9f7XpXQ1eH6Cv7lP24bdER2NQkLcGokgtWOHt-mKFrmd3WwP8vqA1E9Yclx1IIio6yjXWcbb9_99qQ,1
1,17,1997232,messenger://m_gq9dT5b6vQeWA4YS8R1NrLlP24bdER2NQkLcGokgtWPJ3hISk4kC9KRVs1gaQLXocJeEGC6kx53kzlt7Kz1hfw,,m_gq9dT5b6vQeWA4YS8R1NrLlP24bdER2NQkLcGokgtWPJ3hISk4kC9KRVs1gaQLXocJeEGC6kx53kzlt7Kz1hfw,1
1,18,2010384,messenger://m_0pwss5EfhdV7PHXbw7Ay-7lP24bdER2NQkLcGokgtWNETyIWPGz5kTSEFu0YmD-SOZM_DWjti60rAFPzGb8BEw,,m_0pwss5EfhdV7PHXbw7Ay-7lP24bdER2NQkLcGokgtWNETyIWPGz5kTSEFu0YmD-SOZM_DWjti60rAFPzGb8BEw,1
1,19,1282992,messenger://m_cuvQXA5YVaC3U7VJQtJqZblP24bdER2NQkLcGokgtWOiHY4wiepp8gMu3kqaYubBdysZzmx4WP7Oe6nRdTPGKA,,m_cuvQXA5YVaC3U7VJQtJqZblP24bdER2NQkLcGokgtWOiHY4wiepp8gMu3kqaYubBdysZzmx4WP7Oe6nRdTPGKA,1
1,20,1628064,messenger://m_oP4AIW38DVUeWNprVBvOh7lP24bdER2NQkLcGokgtWOIi6BC7yoMAAUUGal1FIwku23QnfFl3C6D3cnS2L5tXA,,m_oP4AIW38DVUeWNprVBvOh7lP24bdER2NQkLcGokgtWOIi6BC7yoMAAUUGal1FIwku23QnfFl3C6D3cnS2L5tXA,1
1,21,1584912,messenger://m_Fxqwm84rC_RX3SJudtl4j7lP24bdER2NQkLcGokgtWPPT2KtQKRZb_n2V7oKdWux6qa7a10YmOaVvc1KDzo4TQ,,m_Fxqwm84rC_RX3SJudtl4j7lP24bdER2NQkLcGokgtWPPT2KtQKRZb_n2V7oKdWux6qa7a10YmOaVvc1KDzo4TQ,1
1,22,1772832,messenger://m_EhWk727jMIcAfmuSHSj5ILlP24bdER2NQkLcGokgtWMLh9G1tiWZlpeKSHNeRAn1mmjos6DIke5RUTWHNzfJRw,,m_EhWk727jMIcAfmuSHSj5ILlP24bdER2NQkLcGokgtWMLh9G1tiWZlpeKSHNeRAn1mmjos6DIke5RUTWHNzfJRw,1
1,23,1500072,messenger://m_S1lfI8191rDbH-q8qZAFPLlP24bdER2NQkLcGokgtWPk47dYTS8sAAf0W9tExwhbhfoODGL-SeJEj5tvFjDP8A,,m_S1lfI8191rDbH-q8qZAFPLlP24bdER2NQkLcGokgtWPk47dYTS8sAAf0W9tExwhbhfoODGL-SeJEj5tvFjDP8A,1
1,24,1840728,messenger://m_VF7AP8oBgIfM8K9T-V8GQLlP24bdER2NQkLcGokgtWMpTgpoxVpMHSP90bO4FC8ICddRnUwbQYHfOGmXN_b51g,,m_VF7AP8oBgIfM8K9T-V8GQLlP24bdER2NQkLcGokgtWMpTgpoxVpMHSP90bO4FC8ICddRnUwbQYHfOGmXN_b51g,1
1,25,1101744,messenger://m_UELKVPr94YUwa70p9wA4X7lP24bdER2NQkLcGokgtWO--nv19XmILNUGfUmLeQJ0jdD85yRU2VLCG2hRlld32A,,m_UELKVPr94YUwa70p9wA4X7lP24bdER2NQkLcGokgtWO--nv19XmILNUGfUmLeQJ0jdD85yRU2VLCG2hRlld32A,1
1,27,1572264,messenger://m_VsAG5ogY6TmSeHHsMvdcuLlP24bdER2NQkLcGokgtWN8nKeRVsQADYsWpXA6CjpNGDtAbaF4AlaaaAT5lFKqrA,,m_VsAG5ogY6TmSeHHsMvdcuLlP24bdER2NQkLcGokgtWN8nKeRVsQADYsWpXA6CjpNGDtAbaF4AlaaaAT5lFKqrA,1
1,28,1904064,messenger://m_n2bxoJ1oYrPVc9ukWfGERrlP24bdER2NQkLcGokgtWO2w70E1-SL8kbNfi945Pp8QuQWAU_EnerawLtf6ItP7A,,m_n2bxoJ1oYrPVc9ukWfGERrlP24bdER2NQkLcGokgtWO2w70E1-SL8kbNfi945Pp8QuQWAU_EnerawLtf6ItP7A,1
1,29,1285560,messenger://m_rBrwvT5-Tuy7XcXZvNs6O7lP24bdER2NQkLcGokgtWOdoBFrUllp0C0LhXWsCKepHVRX294vpfNA9i55fTa2Jw,,m_rBrwvT5-Tuy7XcXZvNs6O7lP24bdER2NQkLcGokgtWOdoBFrUllp0C0LhXWsCKepHVRX294vpfNA9i55fTa2Jw,1
1,30,1171224,messenger://m_i6QT4tIhwjcQEl0zzi6Dj7lP24bdER2NQkLcGokgtWPZ2igzAGzsofrVLffjEtto1d4HmEv8KHNohLagewUZPg,,m_i6QT4tIhwjcQEl0zzi6Dj7lP24bdER2NQkLcGokgtWPZ2igzAGzsofrVLffjEtto1d4HmEv8KHNohLagewUZPg,1
1,31,715344,messenger://m_H9gl1tt1uI1x5kIDnhGHmrlP24bdER2NQkLcGokgtWPr9miX6cQO0S93OGoGmXoB_N51L6jYeCcayhSKAaD2kw,,m_H9gl1tt1uI1x5kIDnhGHmrlP24bdER2NQkLcGokgtWPr9miX6cQO0S93OGoGmXoB_N51L6jYeCcayhSKAaD2kw,1
1,32,524207,messenger://m_JwYvStf_oPrpLh9zaO-Vn7lP24bdER2NQkLcGokgtWPmE0NJtZ4EQ7wJZWyKl0ElW7mEdlo1y7wNve-yUpyyUw,,m_JwYvStf_oPrpLh9zaO-Vn7lP24bdER2NQkLcGokgtWPmE0NJtZ4EQ7wJZWyKl0ElW7mEdlo1y7wNve-yUpyyUw,1
1,33,1757472,messenger://m_Sm5AbAaGiPZSbJgDz5q7frlP24bdER2NQkLcGokgtWMgbF8jRLRHpMKQplD1yg4nypJLZQqsHvPPr16cXU_AaA,,m_Sm5AbAaGiPZSbJgDz5q7frlP24bdER2NQkLcGokgtWMgbF8jRLRHpMKQplD1yg4nypJLZQqsHvPPr16cXU_AaA,1
1,34,1143072,messenger://m_YNG0oIZoS8GA-ULEr4_WT7lP24bdER2NQkLcGokgtWP8Zm-r83NxC8186rT7lvjTPP1tmzzVSeSTF_CafSmwQA,,m_YNG0oIZoS8GA-ULEr4_WT7lP24bdER2NQkLcGokgtWP8Zm-r83NxC8186rT7lvjTPP1tmzzVSeSTF_CafSmwQA,1
1,35,1057200,messenger://m_mD6tvlWu6nrRxcia-i1K7rlP24bdER2NQkLcGokgtWNi0Rnd0aRlaorh5njzx9-qiXrns7IVhFNU5-3CGx1jDg,,m_mD6tvlWu6nrRxcia-i1K7rlP24bdER2NQkLcGokgtWNi0Rnd0aRlaorh5njzx9-qiXrns7IVhFNU5-3CGx1jDg,1
1,36,1060128,messenger://m_ZYNn-LFOQUNmpYgkVOmxTrlP24bdER2NQkLcGokgtWNYjE269W6E_VQumZRprUVHzff6acCmsFkefFu0W-efQA,,m_ZYNn-LFOQUNmpYgkVOmxTrlP24bdER2NQkLcGokgtWNYjE269W6E_VQumZRprUVHzff6acCmsFkefFu0W-efQA,1
1,37,1464240,messenger://m_0XG-gXUDvQAsrQsf-iP7V7lP24bdER2NQkLcGokgtWNgVtkoxDMN7yMV8IjuEqXCUWeuybJvkJaCm-ji50VL1w,,m_0XG-gXUDvQAsrQsf-iP7V7lP24bdER2NQkLcGokgtWNgVtkoxDMN7yMV8IjuEqXCUWeuybJvkJaCm-ji50VL1w,1
1,38,1069848,messenger://m_4WjipjRBjBO7NE66YZjFzLlP24bdER2NQkLcGokgtWPvL4NxDm6ErgABKDhf_68wIptHsuEUQE4r6HSXARotZQ,,m_4WjipjRBjBO7NE66YZjFzLlP24bdER2NQkLcGokgtWPvL4NxDm6ErgABKDhf_68wIptHsuEUQE4r6HSXARotZQ,1
1,39,1629960,messenger://m_mZt14bTy33YBmZPDu8nuDrlP24bdER2NQkLcGokgtWNso8NKUvOrjSN0SpgXlWPN2YM3FkG3-gc78MebG30lqw,,m_mZt14bTy33YBmZPDu8nuDrlP24bdER2NQkLcGokgtWNso8NKUvOrjSN0SpgXlWPN2YM3FkG3-gc78MebG30lqw,1
1,40,1582576,messenger://m_EFJfM6TM2C6Z2KpnFNbaQblP24bdER2NQkLcGokgtWMi-uH7g0iGO3M3ekXxfxk7BEKgcA_rQwOzmquwtUcKYA,,m_EFJfM6TM2C6Z2KpnFNbaQblP24bdER2NQkLcGokgtWMi-uH7g0iGO3M3ekXxfxk7BEKgcA_rQwOzmquwtUcKYA,1
1,41,1160640,messenger://m_hRaz5HjqT3cmihcNnMbaCblP24bdER2NQkLcGokgtWMAKEBW_4RoNgGc33B5HSQ2gbY3X-0QKstlFZ_j5yXTVw,,m_hRaz5HjqT3cmihcNnMbaCblP24bdER2NQkLcGokgtWMAKEBW_4RoNgGc33B5HSQ2gbY3X-0QKstlFZ_j5yXTVw,1
1,42,1170024,messenger://m_oq3lD9keAHWPPY4EYtYeGblP24bdER2NQkLcGokgtWPQoltOfhUqDWyJuzQ6lW8Y1mfXL8Duz_b208qu_2gQ8g,,m_oq3lD9keAHWPPY4EYtYeGblP24bdER2NQkLcGokgtWPQoltOfhUqDWyJuzQ6lW8Y1mfXL8Duz_b208qu_2gQ8g,1
1,43,1228560,messenger://m_i-d4rleSFPoX0heceACymrlP24bdER2NQkLcGokgtWODMd5sTFdD3xwLeDnLL0ep1JACIq_cxob6WcM0GCWV8A,,m_i-d4rleSFPoX0heceACymrlP24bdER2NQkLcGokgtWODMd5sTFdD3xwLeDnLL0ep1JACIq_cxob6WcM0GCWV8A,1
1,44,591624,messenger://m_-FsFEoCu0q_DTDD9_knyPLlP24bdER2NQkLcGokgtWM78VkRIttPfl5hq_IdedAoDdam_6fN198iyciI5kiRrw,,m_-FsFEoCu0q_DTDD9_knyPLlP24bdER2NQkLcGokgtWM78VkRIttPfl5hq_IdedAoDdam_6fN198iyciI5kiRrw,1
1,45,650664,messenger://m_4cZag8EhucLnl91P5Zt6rblP24bdER2NQkLcGokgtWPpn3RxfXnOFrSQyIl7zOR04DrRvlHX9Yt9bqbn61PKPg,,m_4cZag8EhucLnl91P5Zt6rblP24bdER2NQkLcGokgtWPpn3RxfXnOFrSQyIl7zOR04DrRvlHX9Yt9bqbn61PKPg,1
1,46,957744,messenger://m_wYflDtginIB9liFUrQ4OrLlP24bdER2NQkLcGokgtWO6jfvS7JAkH8PDd5N8kysNMkWQRwNQkaKri-QK2Te1Kg,,m_wYflDtginIB9liFUrQ4OrLlP24bdER2NQkLcGokgtWO6jfvS7JAkH8PDd5N8kysNMkWQRwNQkaKri-QK2Te1Kg,1
1,47,738240,messenger://m_z8qs_JAZzZoP00Nn1QwS8rlP24bdER2NQkLcGokgtWNua32SlrU9P1VA38aG3_skMxTKBFs8fypusqbGqB1EjQ,,m_z8qs_JAZzZoP00Nn1QwS8rlP24bdER2NQkLcGokgtWNua32SlrU9P1VA38aG3_skMxTKBFs8fypusqbGqB1EjQ,1
1,48,721824,messenger://m_IrwR5GggMec0DX-zFi2smblP24bdER2NQkLcGokgtWMHcRCePN9JTiuWWr_UFCNxLcwPD-oA2LGkUUV48G2j-w,,m_IrwR5GggMec0DX-zFi2smblP24bdER2NQkLcGokgtWMHcRCePN9JTiuWWr_UFCNxLcwPD-oA2LGkUUV48G2j-w,1
1,49,515664,messenger://m_IOZQDd5cfEDNX_9zmTFsWblP24bdER2NQkLcGokgtWOz3_bNAgkZheveE40aWMSgsOmRl8nziPOij2PnYoXLGg,,m_IOZQDd5cfEDNX_9zmTFsWblP24bdER2NQkLcGokgtWOz3_bNAgkZheveE40aWMSgsOmRl8nziPOij2PnYoXLGg,1
1,50,560208,messenger://m_bOXe0thN5JA79tcBUYDsm7lP24bdER2NQkLcGokgtWNhLlulfCv5UIqJ5mfdUMLGxU0SIYUVr9mSOHMnPPB_2g,,m_bOXe0thN5JA79tcBUYDsm7lP24bdER2NQkLcGokgtWNhLlulfCv5UIqJ5mfdUMLGxU0SIYUVr9mSOHMnPPB_2g,1
1,51,545040,messenger://m_b2R-iXTvSNHpBHN2_Lk8oLlP24bdER2NQkLcGokgtWOdBDxcIbGoEARxQfODItNU80osKtDm-9cFnNu5c4eK2w,,m_b2R-iXTvSNHpBHN2_Lk8oLlP24bdER2NQkLcGokgtWOdBDxcIbGoEARxQfODItNU80osKtDm-9cFnNu5c4eK2w,1
1,52,485472,messenger://m_-YUfdcv-xJaI3XbvCMkRlrlP24bdER2NQkLcGokgtWMGXQWP-ijRkv7T3_QtVdZ76ABk--axDRrrvgo4KSZe4A,,m_-YUfdcv-xJaI3XbvCMkRlrlP24bdER2NQkLcGokgtWMGXQWP-ijRkv7T3_QtVdZ76ABk--axDRrrvgo4KSZe4A,1
1,53,461760,messenger://m_7njTDHZx0ezp1HFT05nIiblP24bdER2NQkLcGokgtWPzlwVoDRVvlNY4v7oEcQ5fJE7PjS5C3yM_8PgyQVL2xw,,m_7njTDHZx0ezp1HFT05nIiblP24bdER2NQkLcGokgtWPzlwVoDRVvlNY4v7oEcQ5fJE7PjS5C3yM_8PgyQVL2xw,1
1,54,482928,messenger://m_dRcHcXm_a9G3EQ3E2DQjl7lP24bdER2NQkLcGokgtWNH_3ZAEyumoEqTa_hcnipShQtJmfflujJY0Rxu6TeszA,,m_dRcHcXm_a9G3EQ3E2DQjl7lP24bdER2NQkLcGokgtWNH_3ZAEyumoEqTa_hcnipShQtJmfflujJY0Rxu6TeszA,1
1,55,679575,messenger://m_nTJqAaxTAcGnVI_hlh48eblP24bdER2NQkLcGokgtWNn9nVkEayAIEiSHMKeh4NtOH9ig6r3wDC2tj46U0c09Q,,m_nTJqAaxTAcGnVI_hlh48eblP24bdER2NQkLcGokgtWNn9nVkEayAIEiSHMKeh4NtOH9ig6r3wDC2tj46U0c09Q,1
1,56,717240,messenger://m_UuNtNNZihpmzyRWdF2rWgblP24bdER2NQkLcGokgtWOjprCG_G3ZHlUTI29_He1GoHpmYzbR9Jh-DHn-QtQcUQ,,m_UuNtNNZihpmzyRWdF2rWgblP24bdER2NQkLcGokgtWOjprCG_G3ZHlUTI29_He1GoHpmYzbR9Jh-DHn-QtQcUQ,1
1,57,823224,messenger://m_zRBDjhEH3NXtwQ_sSUNofrlP24bdER2NQkLcGokgtWP9ak7y_94SO0No2zWBY8h3wzyi30zdmjE1h3Fs-rd7WA,,m_zRBDjhEH3NXtwQ_sSUNofrlP24bdER2NQkLcGokgtWP9ak7y_94SO0No2zWBY8h3wzyi30zdmjE1h3Fs-rd7WA,1
1,58,613464,messenger://m_DPWKEu2onxbr0LsYQ95xDLlP24bdER2NQkLcGokgtWMsXb7da1mukX2BPecNF_CLDbTVQiSbaBmTWtG8IKnweg,,m_DPWKEu2onxbr0LsYQ95xDLlP24bdER2NQkLcGokgtWMsXb7da1mukX2BPecNF_CLDbTVQiSbaBmTWtG8IKnweg,1
1,59,626784,messenger://m_UH_t8QcU7BVkM1bfI93zYrlP24bdER2NQkLcGokgtWOYRiPzEfHvWzWL1prA8mT2sIz6wJh8NflC3fLonkJ1fw,,m_UH_t8QcU7BVkM1bfI93zYrlP24bdER2NQkLcGokgtWOYRiPzEfHvWzWL1prA8mT2sIz6wJh8NflC3fLonkJ1fw,1
1,60,451680,messenger://m_TuRLfB27HcE00FPU9EpE3rlP24bdER2NQkLcGokgtWO4gO3E3XF70noy0rslHt3S1aBC3-0Uxj9k-63qspDyhQ,,m_TuRLfB27HcE00FPU9EpE3rlP24bdER2NQkLcGokgtWO4gO3E3XF70noy0rslHt3S1aBC3-0Uxj9k-63qspDyhQ,1
1,61,292944,messenger://m_xcRlWNl_kZQwbxyupyO4krlP24bdER2NQkLcGokgtWNMoTYBNNC_bBenW9K_8vB__mbKBFG0x5mPdIXiiW9p2A,,m_xcRlWNl_kZQwbxyupyO4krlP24bdER2NQkLcGokgtWNMoTYBNNC_bBenW9K_8vB__mbKBFG0x5mPdIXiiW9p2A,1
1,62,213936,messenger://m_Y0_GjoBa0M1L_MiF_VchErlP24bdER2NQkLcGokgtWO2XvBfjDFjIVYcLTyrCJaheOYxSiaHmNNvK14v6Gkz3Q,,m_Y0_GjoBa0M1L_MiF_VchErlP24bdER2NQkLcGokgtWO2XvBfjDFjIVYcLTyrCJaheOYxSiaHmNNvK14v6Gkz3Q,1
1,63,258480,messenger://m_3JuZTCyfy_1nlhM9YPu3LrlP24bdER2NQkLcGokgtWOt5sqqSH0cVImw3l7o4C--Lr3AAhDh7HmfprayQZ5POQ,,m_3JuZTCyfy_1nlhM9YPu3LrlP24bdER2NQkLcGokgtWOt5sqqSH0cVImw3l7o4C--Lr3AAhDh7HmfprayQZ5POQ,1
1,64,324696,messenger://m_3Mvgu3H5kNaamihba2mhIrlP24bdER2NQkLcGokgtWPbelTFPxgSUEJ4Qo5pTNWysdPz727zLp-ue244llspEw,,m_3Mvgu3H5kNaamihba2mhIrlP24bdER2NQkLcGokgtWPbelTFPxgSUEJ4Qo5pTNWysdPz727zLp-ue244llspEw,1
1,65,361392,messenger://m_nLJcJR_37QZ9VisThfI4xblP24bdER2NQkLcGokgtWM9F97vMnhFCwgQZWhMnfoxDCI5011ZaFa_-ZD2VYY2RQ,,m_nLJcJR_37QZ9VisThfI4xblP24bdER2NQkLcGokgtWM9F97vMnhFCwgQZWhMnfoxDCI5011ZaFa_-ZD2VYY2RQ,1
1,66,372312,messenger://m_2DVCX5m4ctEdKf4xL3-cpLlP24bdER2NQkLcGokgtWNB6VTjnWGg7LmLCKzijY2cOXrX0V0M8S2VjFIUvWVttg,,m_2DVCX5m4ctEdKf4xL3-cpLlP24bdER2NQkLcGokgtWNB6VTjnWGg7LmLCKzijY2cOXrX0V0M8S2VjFIUvWVttg,1
1,67,455810,messenger://m_11SLDhlfglhUd7catLD2xrlP24bdER2NQkLcGokgtWN2MBULF1NsPMmlJDhS7TSR2RX7kJoew7PgGakOgPjWhQ,,m_11SLDhlfglhUd7catLD2xrlP24bdER2NQkLcGokgtWN2MBULF1NsPMmlJDhS7TSR2RX7kJoew7PgGakOgPjWhQ,1
1,68,456359,messenger://m_bJq8BeJ0jP9ik6Ne6VXZTrlP24bdER2NQkLcGokgtWPnbN67e1ztlzyiJf_vKJQHyFCYFodp3AQ6hix6byvsXA,,m_bJq8BeJ0jP9ik6Ne6VXZTrlP24bdER2NQkLcGokgtWPnbN67e1ztlzyiJf_vKJQHyFCYFodp3AQ6hix6byvsXA,1
1,69,406128,messenger://m_m7_cZj6z_dm8Tpapz_PqGLlP24bdER2NQkLcGokgtWPDFo-ZMlbISwFZbPLCcE2R3Y3RASqrD3aBqGsDYpeIJg,,m_m7_cZj6z_dm8Tpapz_PqGLlP24bdER2NQkLcGokgtWPDFo-ZMlbISwFZbPLCcE2R3Y3RASqrD3aBqGsDYpeIJg,1
1,70,318216,messenger://m_rJNe4IO0L3YePG34V4c3Q7lP24bdER2NQkLcGokgtWMKBUB-xo-tsUyIUerlvTRj7wgwqpsrQ013bM1_kNBoHg,,m_rJNe4IO0L3YePG34V4c3Q7lP24bdER2NQkLcGokgtWMKBUB-xo-tsUyIUerlvTRj7wgwqpsrQ013bM1_kNBoHg,1
1,71,281160,messenger://m_f_camH1z3qXQkX1ezGAH5blP24bdER2NQkLcGokgtWPZ_Q5TAmhslL4v5mrSovunS0Yn1IMDQJIFp6jXbzd21w,,m_f_camH1z3qXQkX1ezGAH5blP24bdER2NQkLcGokgtWPZ_Q5TAmhslL4v5mrSovunS0Yn1IMDQJIFp6jXbzd21w,1
1,72,335112,messenger://m_l0TxzYZ6Yi3lE7FbkVBzsblP24bdER2NQkLcGokgtWOfM8cKYTC5WK1Zd7A7UifxiOpZgtbfZVwt5ehcuEBUOQ,,m_l0TxzYZ6Yi3lE7FbkVBzsblP24bdER2NQkLcGokgtWOfM8cKYTC5WK1Zd7A7UifxiOpZgtbfZVwt5ehcuEBUOQ,1
1,73,244320,messenger://m_lOmFuwhuTC8frZiiAAR6_blP24bdER2NQkLcGokgtWMCBigMTZoHMDt7Cbeiwaxb_tTLOilqy6VvgPIWgFNwlA,,m_lOmFuwhuTC8frZiiAAR6_blP24bdER2NQkLcGokgtWMCBigMTZoHMDt7Cbeiwaxb_tTLOilqy6VvgPIWgFNwlA,1
1,74,324754,messenger://m_JdtYqoSOJYhiRPVlCSG1FrlP24bdER2NQkLcGokgtWMGntJb-FnJNbLaZ3FzwanobBoJaZ2H_ifVXSJUiA8sLg,,m_JdtYqoSOJYhiRPVlCSG1FrlP24bdER2NQkLcGokgtWMGntJb-FnJNbLaZ3FzwanobBoJaZ2H_ifVXSJUiA8sLg,1
1,75,211896,messenger://m_GStXA5zYr1X8fqJZgeUvZrlP24bdER2NQkLcGokgtWOEMHOS4kw5SQuc_Yesp06bfCDN6Hg5D0Mn2ZE3GGTMJw,,m_GStXA5zYr1X8fqJZgeUvZrlP24bdER2NQkLcGokgtWOEMHOS4kw5SQuc_Yesp06bfCDN6Hg5D0Mn2ZE3GGTMJw,1
1,77,299424,messenger://m_ttlAGr8by08nCTUKNOdhyLlP24bdER2NQkLcGokgtWPZ-f1pwnIlzF4u9zkictZNKEphnVYRq6NDEKna3eqGDA,,m_ttlAGr8by08nCTUKNOdhyLlP24bdER2NQkLcGokgtWPZ-f1pwnIlzF4u9zkictZNKEphnVYRq6NDEKna3eqGDA,1
1,78,292464,messenger://m_xvP4tEBDBe1CZDSpyTvXgblP24bdER2NQkLcGokgtWOFsnBQzaF_04NxvZ2zTaACfsrAfVZw5Uhd_Fa3APFM3A,,m_xvP4tEBDBe1CZDSpyTvXgblP24bdER2NQkLcGokgtWOFsnBQzaF_04NxvZ2zTaACfsrAfVZw5Uhd_Fa3APFM3A,1
1,79,256835,messenger://m_46YS7uR9XFGTlBJtRJXLKLlP24bdER2NQkLcGokgtWOsjEOU1X3bwNA9NBj9pB6sFLe-y6sTQRQlsewHd9BINQ,,m_46YS7uR9XFGTlBJtRJXLKLlP24bdER2NQkLcGokgtWOsjEOU1X3bwNA9NBj9pB6sFLe-y6sTQRQlsewHd9BINQ,1
1,80,220656,messenger://m_N_x7IQFqyjNU4ia_1xQ_RrlP24bdER2NQkLcGokgtWO9VvNXFiq1Hd5fBaps2lESj3BEeSgH5IquylVGccdnnQ,,m_N_x7IQFqyjNU4ia_1xQ_RrlP24bdER2NQkLcGokgtWO9VvNXFiq1Hd5fBaps2lESj3BEeSgH5IquylVGccdnnQ,1
1,81,158640,messenger://m_OE2H91vZ-L0eE3dcp08ZErlP24bdER2NQkLcGokgtWMHz4ohtc8b6iktTuRZ__iVAOjv69-XuOmQ64CGgq-8Yw,,m_OE2H91vZ-L0eE3dcp08ZErlP24bdER2NQkLcGokgtWMHz4ohtc8b6iktTuRZ__iVAOjv69-XuOmQ64CGgq-8Yw,1
1,82,137038,messenger://m_UVPphU_KsT-8hUW4S4iOBblP24bdER2NQkLcGokgtWPLiDVPVVAuB_ySTJwK6witrG_Oce--PNLyhZbv-AaGbw,,m_UVPphU_KsT-8hUW4S4iOBblP24bdER2NQkLcGokgtWPLiDVPVVAuB_ySTJwK6witrG_Oce--PNLyhZbv-AaGbw,1
1,83,310536,messenger://m_ZaBNz7cfzt5apDSZ9wH957lP24bdER2NQkLcGokgtWPhPXkCku1jLGEX3eFc8TWqK0U8Ca5NozaWiMk5c5e_Nw,,m_ZaBNz7cfzt5apDSZ9wH957lP24bdER2NQkLcGokgtWPhPXkCku1jLGEX3eFc8TWqK0U8Ca5NozaWiMk5c5e_Nw,1
1,84,160512,messenger://m_tQW80uDp34cAk1PGf4mQXrlP24bdER2NQkLcGokgtWOok8uI-bn6TBx4RkIXQRJXmNxV8Un7NdcxO0hwO2jaRA,,m_tQW80uDp34cAk1PGf4mQXrlP24bdER2NQkLcGokgtWOok8uI-bn6TBx4RkIXQRJXmNxV8Un7NdcxO0hwO2jaRA,1
1,85,198408,messenger://m_MZgakx15nHtd1LaVUXbQs7lP24bdER2NQkLcGokgtWPsXOUFmunib10CCiT8JuiSTGLPHHbFu41cxlZQJ2V1EA,,m_MZgakx15nHtd1LaVUXbQs7lP24bdER2NQkLcGokgtWPsXOUFmunib10CCiT8JuiSTGLPHHbFu41cxlZQJ2V1EA,1
1,86,100675,messenger://m_7lSaEJ3Nyge6R8HSstivSblP24bdER2NQkLcGokgtWOyN9PZO_Z6FUniQwi6dIqQMkfSFnsBOTlPYL9rIFjg0A,,m_7lSaEJ3Nyge6R8HSstivSblP24bdER2NQkLcGokgtWOyN9PZO_Z6FUniQwi6dIqQMkfSFnsBOTlPYL9rIFjg0A,1
1,87,108016,messenger://m_eJlydRAoJnOl3W1imuR2I7lP24bdER2NQkLcGokgtWMqtmtV69SWcb3ypU6H1LRqV7ytsV_-DZk5QOtzNc0-CA,,m_eJlydRAoJnOl3W1imuR2I7lP24bdER2NQkLcGokgtWMqtmtV69SWcb3ypU6H1LRqV7ytsV_-DZk5QOtzNc0-CA,1
1,88,134424,messenger://m_4Y48rf6i-x-b3sKsrFBu7LlP24bdER2NQkLcGokgtWO6ZtHqSIntUIIHIkOFBSCSJg_I7GIyby039MsenigCPQ,,m_4Y48rf6i-x-b3sKsrFBu7LlP24bdER2NQkLcGokgtWO6ZtHqSIntUIIHIkOFBSCSJg_I7GIyby039MsenigCPQ,1
1,89,213264,messenger://m_rj3eZgPoIo0J-J-Y434D9rlP24bdER2NQkLcGokgtWNc4Yj0vkuyar6ouOtUW4fHIPTDl9wTwSai9md_sd3xqA,,m_rj3eZgPoIo0J-J-Y434D9rlP24bdER2NQkLcGokgtWNc4Yj0vkuyar6ouOtUW4fHIPTDl9wTwSai9md_sd3xqA,1
1,90,120264,messenger://m_UCrwu_7SSIG5sEQ-wisXRblP24bdER2NQkLcGokgtWOhsWuAuGtp-JzwqN8-yJNXgQguzgCP1CTDFO2gqPchag,,m_UCrwu_7SSIG5sEQ-wisXRblP24bdER2NQkLcGokgtWOhsWuAuGtp-JzwqN8-yJNXgQguzgCP1CTDFO2gqPchag,1
1,91,84744,messenger://m_cLo0tt4UuIAU34qZu6vosLlP24bdER2NQkLcGokgtWNmLlsC2P7IP-Q9AICGLNkbY8szXqQb3UzsoSuvMSwSfA,,m_cLo0tt4UuIAU34qZu6vosLlP24bdER2NQkLcGokgtWNmLlsC2P7IP-Q9AICGLNkbY8szXqQb3UzsoSuvMSwSfA,1
1,92,111720,messenger://m_4OXu-n4f585Zxs0OWy49ArlP24bdER2NQkLcGokgtWOIHfWpVmDPJ5xn2nzrfK33DmPES3Faf8gwWvMoAt6cjQ,,m_4OXu-n4f585Zxs0OWy49ArlP24bdER2NQkLcGokgtWOIHfWpVmDPJ5xn2nzrfK33DmPES3Faf8gwWvMoAt6cjQ,1
1,93,65304,messenger://m_BTEqXJ9GGBAmxo4dTbRS5blP24bdER2NQkLcGokgtWMoY3GyTTQiQl2iWLHJy96yr15q4cKyi1cJQybf6fNZig,,m_BTEqXJ9GGBAmxo4dTbRS5blP24bdER2NQkLcGokgtWMoY3GyTTQiQl2iWLHJy96yr15q4cKyi1cJQybf6fNZig,1
1,94,43272,messenger://m_nS50TsrZReZJFTwyN4f-oblP24bdER2NQkLcGokgtWOEYpDng4FIIlIMg6eaI6QVwtO2drsWwdHQrHoTGPZGog,,m_nS50TsrZReZJFTwyN4f-oblP24bdER2NQkLcGokgtWOEYpDng4FIIlIMg6eaI6QVwtO2drsWwdHQrHoTGPZGog,1
1,95,65304,messenger://m_WedWvta7DZabfL-8JoWgYblP24bdER2NQkLcGokgtWMobXo05_xZZDDfGCcKufbudTn8ebyg9-9YuEeO0dplnQ,,m_WedWvta7DZabfL-8JoWgYblP24bdER2NQkLcGokgtWMobXo05_xZZDDfGCcKufbudTn8ebyg9-9YuEeO0dplnQ,1
1,96,95529,messenger://m_TUidpZykOGypLJHlMlq06blP24bdER2NQkLcGokgtWNfSsLGUJlhfXWCk8e-aYHCjW485X9HC3PwamH-_n_HvQ,,m_TUidpZykOGypLJHlMlq06blP24bdER2NQkLcGokgtWNfSsLGUJlhfXWCk8e-aYHCjW485X9HC3PwamH-_n_HvQ,1
1,97,45312,messenger://m_kwOY8kLsF-GZy5EKuI2GLblP24bdER2NQkLcGokgtWPERHhWpznjELSUgYNuagOfL5WhVQdzLLdIz47CyogR3Q,,m_kwOY8kLsF-GZy5EKuI2GLblP24bdER2NQkLcGokgtWPERHhWpznjELSUgYNuagOfL5WhVQdzLLdIz47CyogR3Q,1
1,98,126744,messenger://m_xkqnI0BnLpMOLd0kcgE18rlP24bdER2NQkLcGokgtWMxc98QY-ipADKUgKBqFEs5IaUf8u9S5Tl_hs7WwPA7Sw,,m_xkqnI0BnLpMOLd0kcgE18rlP24bdER2NQkLcGokgtWMxc98QY-ipADKUgKBqFEs5IaUf8u9S5Tl_hs7WwPA7Sw,1
1,99,60168,messenger://m_0jcdAy1kkM_envKEZfnSaLlP24bdER2NQkLcGokgtWOpnrA7MMtq0MoAIjsXWjJQQ78iARg0KUQrruQBmXhzTA,,m_0jcdAy1kkM_envKEZfnSaLlP24bdER2NQkLcGokgtWOpnrA7MMtq0MoAIjsXWjJQQ78iARg0KUQrruQBmXhzTA,1
1,100,70224,messenger://m_AgkpKjvkzrVs9cLeaLQhmrlP24bdER2NQkLcGokgtWNb2S919k58bglTvWQV0gT-8_ImOS26oDpEkJFSszQVjw,,m_AgkpKjvkzrVs9cLeaLQhmrlP24bdER2NQkLcGokgtWNb2S919k58bglTvWQV0gT-8_ImOS26oDpEkJFSszQVjw,1
1,101,62736,messenger://m_iBqwXmetThCfbYnux7JKzblP24bdER2NQkLcGokgtWOlmfd-374mM30tP_T_KEEwgsN88Q32RZ4AGhy6L0l1SA,,m_iBqwXmetThCfbYnux7JKzblP24bdER2NQkLcGokgtWOlmfd-374mM30tP_T_KEEwgsN88Q32RZ4AGhy6L0l1SA,1
1,102,62798,messenger://m_z05hPsUvzrbRoHYWwySYorlP24bdER2NQkLcGokgtWNkFhtFMpw60IwRHk8pnxt9zgUhQiFd8AH8DpjTukmgSw,,m_z05hPsUvzrbRoHYWwySYorlP24bdER2NQkLcGokgtWNkFhtFMpw60IwRHk8pnxt9zgUhQiFd8AH8DpjTukmgSw,1
1,103,27794,messenger://m_tkt8GlDXdWZg4vjeMKJneLlP24bdER2NQkLcGokgtWNw9CYkCKe8jVq8qBrUIiuHDZebrWJabV0Mpwl_Lm_ZVw,,m_tkt8GlDXdWZg4vjeMKJneLlP24bdER2NQkLcGokgtWNw9CYkCKe8jVq8qBrUIiuHDZebrWJabV0Mpwl_Lm_ZVw,1
1,104,58296,messenger://m_1Jf6tGuGwJp3OKird7j46rlP24bdER2NQkLcGokgtWNuNlXXuKnT1BzKsjQWumG_Gvz2gmWuzY36FJXiJy-Z-Q,,m_1Jf6tGuGwJp3OKird7j46rlP24bdER2NQkLcGokgtWNuNlXXuKnT1BzKsjQWumG_Gvz2gmWuzY36FJXiJy-Z-Q,1
1,105,48912,messenger://m_xUeFEmeOOawwE7tp5D9YZblP24bdER2NQkLcGokgtWOpJhsEWwEUeo0ii65t3nmiJLa02UoFCBZCk3Q_Bp6xGg,,m_xUeFEmeOOawwE7tp5D9YZblP24bdER2NQkLcGokgtWOpJhsEWwEUeo0ii65t3nmiJLa02UoFCBZCk3Q_Bp6xGg,1
1,106,42744,messenger://m_UA7BKXw6QANh7BZRQ0ojzLlP24bdER2NQkLcGokgtWMbSUSGmq0XV99CjFO7ntOiXcPuUXXJfGC_acuDQiAgCg,,m_UA7BKXw6QANh7BZRQ0ojzLlP24bdER2NQkLcGokgtWMbSUSGmq0XV99CjFO7ntOiXcPuUXXJfGC_acuDQiAgCg,1
1,107,57768,messenger://m_ViK0iZwLmXefPjVMEYxYhrlP24bdER2NQkLcGokgtWMRxeIISRXNEGFSOxvrAcLwps02ZOavC8vFFiqlW3XeUg,,m_ViK0iZwLmXefPjVMEYxYhrlP24bdER2NQkLcGokgtWMRxeIISRXNEGFSOxvrAcLwps02ZOavC8vFFiqlW3XeUg,1
1,108,24840,messenger://m_HecctzUq4KqnpUACCtnOo7lP24bdER2NQkLcGokgtWMoYy4LiNx52Oc0-vx1a4DACth7hZ-32OWd6j6e8K0gSg,,m_HecctzUq4KqnpUACCtnOo7lP24bdER2NQkLcGokgtWMoYy4LiNx52Oc0-vx1a4DACth7hZ-32OWd6j6e8K0gSg,1
1,109,54528,messenger://m_PJQ4KaieodVek-lLAO8WT7lP24bdER2NQkLcGokgtWNcAwUE70X4OoaQ7wo7NK-WMhSt8mEkOaGLE_HyrGyqsA,,m_PJQ4KaieodVek-lLAO8WT7lP24bdER2NQkLcGokgtWNcAwUE70X4OoaQ7wo7NK-WMhSt8mEkOaGLE_HyrGyqsA,1
1,110,35256,messenger://m_VjxzuPrwn9fOk0qAPBFFd7lP24bdER2NQkLcGokgtWMqex1-LKpEzucOQj2ynTZv-jsbuf0oFNG6SqDbn8RVBw,,m_VjxzuPrwn9fOk0qAPBFFd7lP24bdER2NQkLcGokgtWMqex1-LKpEzucOQj2ynTZv-jsbuf0oFNG6SqDbn8RVBw,1
1,111,41736,messenger://m_pJrKJA89UzzqNwpnxGDyZ7lP24bdER2NQkLcGokgtWPlrNma4intfkP8u-9_jaBBRF57nygdt4a7S1uw6s-EuQ,,m_pJrKJA89UzzqNwpnxGDyZ7lP24bdER2NQkLcGokgtWPlrNma4intfkP8u-9_jaBBRF57nygdt4a7S1uw6s-EuQ,1
1,112,21936,messenger://m_bw-BZn_NlCl8EPUKAm---blP24bdER2NQkLcGokgtWNPXFSHLV9pv8Cyefg5lPmpWTgc0mNBx8PmsRsAOmCuQw,,m_bw-BZn_NlCl8EPUKAm---blP24bdER2NQkLcGokgtWNPXFSHLV9pv8Cyefg5lPmpWTgc0mNBx8PmsRsAOmCuQw,1
1,113,33192,messenger://m_I3WCJUwmfbO4ls48WN1EYLlP24bdER2NQkLcGokgtWPZhZsj_xkYatovaeyhspO4S9c-7-KHU_fk_nlUtyrnDQ,,m_I3WCJUwmfbO4ls48WN1EYLlP24bdER2NQkLcGokgtWPZhZsj_xkYatovaeyhspO4S9c-7-KHU_fk_nlUtyrnDQ,1
1,114,50280,messenger://m_V6jjCDEK2z9-t6g0rgkQ-LlP24bdER2NQkLcGokgtWPokpv0t4_VnlMSoqZVpUsAUzlG98XwDI93_6qUbZn2Eg,,m_V6jjCDEK2z9-t6g0rgkQ-LlP24bdER2NQkLcGokgtWPokpv0t4_VnlMSoqZVpUsAUzlG98XwDI93_6qUbZn2Eg,1
1,26,1847208,messenger://m_yc6dNgeH5WOYz2FteIbw9LlP24bdER2NQkLcGokgtWMQ54tLxVEy6zO2EtgeUw-gulVDwdq2u5jYRDijE42R5w,,m_yc6dNgeH5WOYz2FteIbw9LlP24bdER2NQkLcGokgtWMQ54tLxVEy6zO2EtgeUw-gulVDwdq2u5jYRDijE42R5w,1
1,76,315312,messenger://m_g8on2aRlU3r96fEa6rB9grlP24bdER2NQkLcGokgtWOKGR5LugPsVoPdqW8pvV5qYWMUpoC7J-e-XKrnMs-N0g,,m_g8on2aRlU3r96fEa6rB9grlP24bdER2NQkLcGokgtWOKGR5LugPsVoPdqW8pvV5qYWMUpoC7J-e-XKrnMs-N0g,1
